temperature_c,humidity_pct,soil_moisture_pct,hour_sin,hour_cos,is_light_hours,img_green_ratio,img_veg_ratio,img_sharpness,label_int
22.24024536256306,55.29190389508887,27.521108772254976,0.2840153447039226,-0.958819734868193,1.0,0.0,0.0,0.0,5
21.706763280909925,63.94918051173581,14.835566151888916,-0.9588197348681928,-0.2840153447039235,1.0,0.0,0.0,0.0,5
21.180945559285547,67.83795648765081,17.086361974997438,-0.28401534470392353,0.9588197348681927,0.0,0.0,0.0,0.0,1
22.593301942227185,58.1908110056612,15.336156078582944,0.958819734868193,0.28401534470392253,0.0,0.0,0.0,0.0,1
28.929001064000246,63.77203576821832,39.82221602941021,0.2840153447039226,-0.958819734868193,1.0,0.0,0.0,0.0,7
24.36420868878257,46.392811452098336,29.20836481534943,-0.9588197348681928,-0.2840153447039235,1.0,0.0,0.0,0.0,5
23.022894958221272,56.90621179183925,16.351409451876588,-0.28401534470392353,0.9588197348681927,0.0,0.0,0.0,0.0,1
20.1991857151318,56.3262169649808,33.307696956004705,0.958819734868193,0.28401534470392253,0.0,0.0,0.0,0.0,1
25.46764546847184,47.54417466418322,12.722726094083018,0.2840153447039226,-0.958819734868193,1.0,0.0,0.0,0.0,5
27.63668532784915,65.61576853617763,13.244641440291131,-0.9588197348681928,-0.2840153447039235,1.0,0.0,0.0,0.0,5
25.93062360229092,56.82434202030795,24.998960131191488,-0.28401534470392353,0.9588197348681927,0.0,0.0,0.0,0.0,1
23.994648082601124,58.53132772714595,31.606610983776264,0.958819734868193,0.28401534470392253,0.0,0.0,0.0,0.0,1
19.000491563586657,57.75413529301306,23.526045611952632,0.2840153447039226,-0.958819734868193,1.0,0.0,0.0,0.0,5
19.739669989047524,47.508460278949656,21.535296059923027,-0.9588197348681928,-0.2840153447039235,1.0,0.0,0.0,0.0,5
26.49079136127092,45.879799050110336,23.78048857806465,-0.28401534470392353,0.9588197348681927,0.0,0.0,0.0,0.0,1
27.295814207845424,52.06643944969609,28.12275833847145,0.958819734868193,0.28401534470392253,0.0,0.0,0.0,0.0,1
19.26392676469244,45.21420851771271,22.281166928044687,0.2840153447039226,-0.958819734868193,1.0,0.0,0.0,0.0,5
23.63405834504201,40.83784536677513,15.20503814406763,-0.9588197348681928,-0.2840153447039235,1.0,0.0,0.0,0.0,5
29.39285652160216,61.67028339323424,39.2429306005678,-0.28401534470392353,0.9588197348681927,0.0,0.0,0.0,0.0,3
22.373446831763303,40.67374637596763,35.32985581724917,0.958819734868193,0.28401534470392253,0.0,0.0,0.0,0.0,1
28.416181650877554,63.69918699110808,37.396984355779,0.2840153447039226,-0.958819734868193,1.0,0.0,0.0,0.0,7
20.530868169521906,47.25582510605044,37.74516990437203,-0.9588197348681928,-0.2840153447039235,1.0,0.0,0.0,0.0,5
29.192802625598347,62.82887406115603,32.70184017367443,-0.28401534470392353,0.9588197348681927,0.0,0.0,0.0,0.0,3
24.28970893332943,50.56190134388186,39.446354042325694,0.958819734868193,0.28401534470392253,0.0,0.0,0.0,0.0,1
25.55026655290689,63.67890896461528,39.567367086043205,0.2840153447039226,-0.958819734868193,1.0,0.0,0.0,0.0,5
24.809210954654034,42.01890238666286,29.545701066289915,-0.9588197348681928,-0.2840153447039235,1.0,0.0,0.0,0.0,5
26.282783845950345,40.25984233583839,15.499959079570708,-0.28401534470392353,0.9588197348681927,0.0,0.0,0.0,0.0,1
19.0296370497881,44.4687263184109,33.1564814738942,0.958819734868193,0.28401534470392253,0.0,0.0,0.0,0.0,1
25.182985979667865,63.92669146225151,30.79192053725144,0.2840153447039226,-0.958819734868193,1.0,0.0,0.0,0.0,5
21.95147498004146,42.4098101037432,13.90916870441628,-0.9588197348681928,-0.2840153447039235,1.0,0.0,0.0,0.0,5
18.89191428106705,59.990034181183695,19.06898516434994,-0.28401534470392353,0.9588197348681927,0.0,0.0,0.0,0.0,1
21.65353180545177,69.68726259987122,39.83876413758551,0.958819734868193,0.28401534470392253,0.0,0.0,0.0,0.0,1
18.2812708788201,53.78590330361981,37.70253750807224,0.2840153447039226,-0.958819734868193,1.0,0.0,0.0,0.0,5
22.06444668918239,51.536820114820365,18.138595130038976,-0.9588197348681928,-0.2840153447039235,1.0,0.0,0.0,0.0,5
22.24091207195894,50.497093713530624,31.283431483297427,-0.28401534470392353,0.9588197348681927,0.0,0.0,0.0,0.0,1
27.423014753798448,66.14889901295848,28.41588625558361,0.958819734868193,0.28401534470392253,0.0,0.0,0.0,0.0,1
29.585600227907552,66.98353088899378,15.729236709381244,0.2840153447039226,-0.958819734868193,1.0,0.0,0.0,0.0,7
21.532658204621857,43.6097378357978,28.08880201560132,-0.9588197348681928,-0.2840153447039235,1.0,0.0,0.0,0.0,5
24.78499673558113,50.62575539060849,29.55269085194686,-0.28401534470392353,0.9588197348681927,0.0,0.0,0.0,0.0,1
22.862325240850154,67.05026738030428,13.113382850974586,0.958819734868193,0.28401534470392253,0.0,0.0,0.0,0.0,1
18.08769868874087,44.80825005597495,19.30080763926231,0.2840153447039226,-0.958819734868193,1.0,0.0,0.0,0.0,5
29.990886104906263,68.13763607774416,32.383672811092005,-0.9588197348681928,-0.2840153447039235,1.0,0.0,0.0,0.0,7
20.14741830441229,56.04820926102056,18.251686782570356,-0.28401534470392353,0.9588197348681927,0.0,0.0,0.0,0.0,1
24.98914907823128,68.02007961739261,26.53859153518153,0.958819734868193,0.28401534470392253,0.0,0.0,0.0,0.0,1
23.87187866545604,54.47405198205696,31.56279707432933,0.2840153447039226,-0.958819734868193,1.0,0.0,0.0,0.0,5
29.974187489793906,53.38227753497056,29.13152394775644,-0.9588197348681928,-0.2840153447039235,1.0,0.0,0.0,0.0,7
28.82947029607921,61.67313077821328,25.340791793058763,-0.28401534470392353,0.9588197348681927,0.0,0.0,0.0,0.0,3
28.108533787137244,47.97210144844303,39.094176016080525,0.958819734868193,0.28401534470392253,0.0,0.0,0.0,0.0,3
18.91604672231001,44.43625970964736,13.907011533548616,0.2840153447039226,-0.958819734868193,1.0,0.0,0.0,0.0,5
22.55603534579772,67.3530864149731,24.21651048287519,-0.9588197348681928,-0.2840153447039235,1.0,0.0,0.0,0.0,5
19.47115782771984,69.49187236233244,26.44054757324725,-0.28401534470392353,0.9588197348681927,0.0,0.0,0.0,0.0,1
26.731841338368756,41.14323195346171,10.952615544828191,0.958819734868193,0.28401534470392253,0.0,0.0,0.0,0.0,1
23.641970052932823,52.438830049692434,10.41624794970261,0.2840153447039226,-0.958819734868193,1.0,0.0,0.0,0.0,5
20.38140880639466,68.75122088338078,22.27273443109404,-0.9588197348681928,-0.2840153447039235,1.0,0.0,0.0,0.0,5
20.77588173051334,51.03741171594684,11.424120540996224,-0.28401534470392353,0.9588197348681927,0.0,0.0,0.0,0.0,1
25.47068861874663,60.21570423996971,19.50777936319778,0.958819734868193,0.28401534470392253,0.0,0.0,0.0,0.0,1
28.441287849759107,42.26880350797616,21.278934359257256,0.2840153447039226,-0.958819734868193,1.0,0.0,0.0,0.0,7
27.28844499402397,47.18723871336932,25.175474840140037,-0.9588197348681928,-0.2840153447039235,1.0,0.0,0.0,0.0,5
18.70349913519968,58.642336075864335,26.57864292857004,-0.28401534470392353,0.9588197348681927,0.0,0.0,0.0,0.0,1
22.678283228511425,51.708114455034135,22.72210717594899,0.958819734868193,0.28401534470392253,0.0,0.0,0.0,0.0,1
18.303771061986016,46.59754920994967,28.096902710952644,0.2840153447039226,-0.958819734868193,1.0,0.0,0.0,0.0,5
28.33192937653484,63.86715314928126,32.23443042974321,-0.9588197348681928,-0.2840153447039235,1.0,0.0,0.0,0.0,7
29.12807686435398,59.182493268009154,13.74413383696061,-0.28401534470392353,0.9588197348681927,0.0,0.0,0.0,0.0,3
19.082115886170413,57.71403655365325,21.99579369538853,0.958819734868193,0.28401534470392253,0.0,0.0,0.0,0.0,1
22.160368526499703,66.88471578770324,29.87090333941557,0.2840153447039226,-0.958819734868193,1.0,0.0,0.0,0.0,5
21.618161216279866,62.76925953485869,11.574463943240897,-0.9588197348681928,-0.2840153447039235,1.0,0.0,0.0,0.0,5
21.27421644917689,62.25665715517789,11.453152038746833,-0.28401534470392353,0.9588197348681927,0.0,0.0,0.0,0.0,1
27.3136145894,53.17610378214588,10.0007235973127,0.958819734868193,0.28401534470392253,0.0,0.0,0.0,0.0,1
23.930976223052404,69.89315156634771,15.22887048767613,0.2840153447039226,-0.958819734868193,1.0,0.0,0.0,0.0,5
26.01136312782904,43.27074149361653,15.063498249315312,-0.9588197348681928,-0.2840153447039235,1.0,0.0,0.0,0.0,5
21.199756648930983,53.93526056944337,15.94565099898524,-0.28401534470392353,0.9588197348681927,0.0,0.0,0.0,0.0,1
21.61476077512002,48.64184152320907,26.258953999177315,0.958819734868193,0.28401534470392253,0.0,0.0,0.0,0.0,1
26.87388868228549,55.94891458883899,20.58539448176215,0.2840153447039226,-0.958819734868193,1.0,0.0,0.0,0.0,5
20.252278974808384,40.09369757862235,29.16997395788606,-0.9588197348681928,-0.2840153447039235,1.0,0.0,0.0,0.0,5
27.724725528065814,44.3053143693079,11.91581653671213,-0.28401534470392353,0.9588197348681927,0.0,0.0,0.0,0.0,1
23.38979510009635,55.84280527008026,23.38749715783955,0.958819734868193,0.28401534470392253,0.0,0.0,0.0,0.0,1
22.6000197932257,56.63488115516914,31.939621273808317,0.2840153447039226,-0.958819734868193,1.0,0.0,0.0,0.0,5
26.51913261699472,58.78332658831663,25.844581302953337,-0.9588197348681928,-0.2840153447039235,1.0,0.0,0.0,0.0,5
21.203605268761205,68.03210260940055,37.62363972012233,-0.28401534470392353,0.9588197348681927,0.0,0.0,0.0,0.0,1
24.640259571236182,62.501365700265936,25.41647613202367,0.958819734868193,0.28401534470392253,0.0,0.0,0.0,0.0,1
23.035715278106213,45.73821490504718,19.46787353738697,0.2840153447039226,-0.958819734868193,1.0,0.0,0.0,0.0,5
18.386920058348213,60.158853893973216,28.148363408643448,-0.9588197348681928,-0.2840153447039235,1.0,0.0,0.0,0.0,5
22.42108860640837,48.73487712137148,25.491258310679804,-0.28401534470392353,0.9588197348681927,0.0,0.0,0.0,0.0,1
29.406467785141835,56.88610461749538,24.47774116414052,0.958819734868193,0.28401534470392253,0.0,0.0,0.0,0.0,3
23.44026525239673,44.46663663475005,17.850505385991678,0.2840153447039226,-0.958819734868193,1.0,0.0,0.0,0.0,5
23.55911495295517,58.894792829393,16.85922419273698,-0.9588197348681928,-0.2840153447039235,1.0,0.0,0.0,0.0,5
23.004655595770583,51.23957446214332,24.211319435008647,-0.28401534470392353,0.9588197348681927,0.0,0.0,0.0,0.0,1
24.29818961271672,68.00969848979113,25.23251477783291,0.958819734868193,0.28401534470392253,0.0,0.0,0.0,0.0,1
22.599705147233166,66.91818413127737,37.969007801365706,0.2840153447039226,-0.958819734868193,1.0,0.0,0.0,0.0,5
27.46916931798828,56.78641127031061,12.42019860235659,-0.9588197348681928,-0.2840153447039235,1.0,0.0,0.0,0.0,5
18.166219625051298,62.52635104691856,36.15849436503723,-0.28401534470392353,0.9588197348681927,0.0,0.0,0.0,0.0,1
24.41733408229952,41.6074290879132,26.920691063486235,0.958819734868193,0.28401534470392253,0.0,0.0,0.0,0.0,1
20.60847278545577,54.61996407446163,12.82680937250336,0.2840153447039226,-0.958819734868193,1.0,0.0,0.0,0.0,5
18.01133122568007,60.33024414454823,20.465335154716456,-0.9588197348681928,-0.2840153447039235,1.0,0.0,0.0,0.0,5
18.39482486970433,44.88578568706638,24.7869840449307,-0.28401534470392353,0.9588197348681927,0.0,0.0,0.0,0.0,1
23.86430890703123,50.77816832956923,24.77272013780908,0.958819734868193,0.28401534470392253,0.0,0.0,0.0,0.0,1
25.756048400891004,48.07251959045599,28.590910872691055,0.2840153447039226,-0.958819734868193,1.0,0.0,0.0,0.0,5
24.59828514677931,49.20819895277272,35.87636195430541,-0.9588197348681928,-0.2840153447039235,1.0,0.0,0.0,0.0,5
26.75780998358469,54.49754566842005,23.142556736403705,-0.28401534470392353,0.9588197348681927,0.0,0.0,0.0,0.0,1
27.03875633604301,68.87798944271928,16.200293651295254,0.958819734868193,0.28401534470392253,0.0,0.0,0.0,0.0,1
29.903676931028265,44.06059017940692,13.5390018811258,0.2840153447039226,-0.958819734868193,1.0,0.0,0.0,0.0,7
24.960063482777592,69.3849202931757,28.615628627046856,-0.9588197348681928,-0.2840153447039235,1.0,0.0,0.0,0.0,5
25.143334155111454,63.07821525715385,14.19096927038866,-0.28401534470392353,0.9588197348681927,0.0,0.0,0.0,0.0,1
18.596736172549846,66.02305035069841,27.282038011167657,0.958819734868193,0.28401534470392253,0.0,0.0,0.0,0.0,1
25.327931415048667,62.055047917899344,20.18083025241101,0.2840153447039226,-0.958819734868193,1.0,0.0,0.0,0.0,5
28.022509547412103,53.67907776486765,22.83157808554437,-0.9588197348681928,-0.2840153447039235,1.0,0.0,0.0,0.0,7
28.488460718843285,58.40614571094288,32.32329491566401,-0.28401534470392353,0.9588197348681927,0.0,0.0,0.0,0.0,3
28.62866984907256,44.65917807135767,26.34458061301914,0.958819734868193,0.28401534470392253,0.0,0.0,0.0,0.0,3
22.659549801101225,41.12702979939339,14.53597631692266,0.2840153447039226,-0.958819734868193,1.0,0.0,0.0,0.0,5
26.33641389064932,69.6423187033535,33.52840427273463,-0.9588197348681928,-0.2840153447039235,1.0,0.0,0.0,0.0,5
18.01865352202321,54.31142348098719,33.6174321102086,-0.28401534470392353,0.9588197348681927,0.0,0.0,0.0,0.0,1
26.80146709934091,41.39064199444975,32.971585141059265,0.958819734868193,0.28401534470392253,0.0,0.0,0.0,0.0,1
25.75172911456688,61.83673635002644,27.231470456693405,0.2840153447039226,-0.958819734868193,1.0,0.0,0.0,0.0,5
27.56452776095794,43.82266524804241,31.956264378008637,-0.9588197348681928,-0.2840153447039235,1.0,0.0,0.0,0.0,5
20.659723503443388,59.75540994784889,27.955368997288616,-0.28401534470392353,0.9588197348681927,0.0,0.0,0.0,0.0,1
27.93026233224572,53.545556869358585,33.46139227311322,0.958819734868193,0.28401534470392253,0.0,0.0,0.0,0.0,1
23.44922062309177,61.80843964664723,38.65782583395518,0.2840153447039226,-0.958819734868193,1.0,0.0,0.0,0.0,5
22.81029020099951,61.2751338307593,19.15633750740812,-0.9588197348681928,-0.2840153447039235,1.0,0.0,0.0,0.0,5
19.15554368265569,63.828418564950624,24.67808160197311,-0.28401534470392353,0.9588197348681927,0.0,0.0,0.0,0.0,1
22.80220928151113,42.96090858329773,36.65755797515368,0.958819734868193,0.28401534470392253,0.0,0.0,0.0,0.0,1
20.2245316578488,66.29055397249019,34.99524399519836,0.2840153447039226,-0.958819734868193,1.0,0.0,0.0,0.0,5
28.677727377377654,51.41291068837644,16.57835341289006,-0.9588197348681928,-0.2840153447039235,1.0,0.0,0.0,0.0,7
28.75780433959052,66.76777200007442,14.226392195598644,-0.28401534470392353,0.9588197348681927,0.0,0.0,0.0,0.0,3
23.187121193593548,52.9683977917406,21.95344844206175,0.958819734868193,0.28401534470392253,0.0,0.0,0.0,0.0,1
27.80766606990193,43.78079418146229,31.814998337939787,0.2840153447039226,-0.958819734868193,1.0,0.0,0.0,0.0,5
22.53314744608535,60.51746762101494,34.58495209881558,-0.9588197348681928,-0.2840153447039235,1.0,0.0,0.0,0.0,5
22.050708232862725,59.31462861497766,17.231456448311683,-0.28401534470392353,0.9588197348681927,0.0,0.0,0.0,0.0,1
29.85201782795776,44.44649667720858,26.210279020444883,0.958819734868193,0.28401534470392253,0.0,0.0,0.0,0.0,3
27.18775009999436,50.51352733934907,26.156143065581222,0.2840153447039226,-0.958819734868193,1.0,0.0,0.0,0.0,5
24.385884655629003,61.796909176520856,26.820094466203667,-0.9588197348681928,-0.2840153447039235,1.0,0.0,0.0,0.0,5
19.80587765550266,47.16525285538244,10.91996717529241,-0.28401534470392353,0.9588197348681927,0.0,0.0,0.0,0.0,1
19.94417025857413,44.24012184178847,21.31436968703788,0.958819734868193,0.28401534470392253,0.0,0.0,0.0,0.0,1
18.84437238999426,44.52481499409294,24.521772520156063,0.2840153447039226,-0.958819734868193,1.0,0.0,0.0,0.0,5
21.13031870654414,65.4124646404778,39.07690186635651,-0.9588197348681928,-0.2840153447039235,1.0,0.0,0.0,0.0,5
26.10031028426196,54.89752145559,15.631040935858085,-0.28401534470392353,0.9588197348681927,0.0,0.0,0.0,0.0,1
22.635696016684427,41.12948721509956,23.35080614518219,0.958819734868193,0.28401534470392253,0.0,0.0,0.0,0.0,1
25.005929365368026,60.49345061714273,25.431723759259462,0.2840153447039226,-0.958819734868193,1.0,0.0,0.0,0.0,5
29.37136260698216,46.54865222440749,31.342842746888675,-0.9588197348681928,-0.2840153447039235,1.0,0.0,0.0,0.0,7
26.668168322155896,66.72090906091414,13.305013871724697,-0.28401534470392353,0.9588197348681927,0.0,0.0,0.0,0.0,1
28.031302396561145,46.92494326515546,28.42998376949781,0.958819734868193,0.28401534470392253,0.0,0.0,0.0,0.0,3
29.585916600898564,49.20979621209065,35.18436900293315,0.2840153447039226,-0.958819734868193,1.0,0.0,0.0,0.0,7
29.01241412397461,68.10215694904998,39.32560594142309,-0.9588197348681928,-0.2840153447039235,1.0,0.0,0.0,0.0,7
20.971146479111557,52.821684138620085,39.04610992932868,-0.28401534470392353,0.9588197348681927,0.0,0.0,0.0,0.0,1
28.58234391576473,63.00545861975432,24.413402567245782,0.958819734868193,0.28401534470392253,0.0,0.0,0.0,0.0,3
20.96516021388764,52.11386609741396,16.302486036707258,0.2840153447039226,-0.958819734868193,1.0,0.0,0.0,0.0,5
24.451073185826708,46.263506096637535,16.965589586288036,-0.9588197348681928,-0.2840153447039235,1.0,0.0,0.0,0.0,5
24.03647604151586,56.6165523781504,29.123756917264487,-0.28401534470392353,0.9588197348681927,0.0,0.0,0.0,0.0,1
27.79001169840377,48.73347566588763,36.55968967055068,0.958819734868193,0.28401534470392253,0.0,0.0,0.0,0.0,1
24.78079488356734,53.89292687584511,36.12706114127174,0.2840153447039226,-0.958819734868193,1.0,0.0,0.0,0.0,5
27.731715803978197,44.56776134119556,38.167358153136846,-0.9588197348681928,-0.2840153447039235,1.0,0.0,0.0,0.0,5
28.38067178008209,42.63749534572176,27.17483308455893,-0.28401534470392353,0.9588197348681927,0.0,0.0,0.0,0.0,3
22.1213107336871,48.00201114109117,35.7316346879595,0.958819734868193,0.28401534470392253,0.0,0.0,0.0,0.0,1
27.104388147309447,59.9892758069312,33.29987829561267,0.2840153447039226,-0.958819734868193,1.0,0.0,0.0,0.0,5
19.0333669517952,67.1187462657839,34.93955000010708,-0.9588197348681928,-0.2840153447039235,1.0,0.0,0.0,0.0,5
27.770476142922664,52.10907463451639,30.035475171801117,-0.28401534470392353,0.9588197348681927,0.0,0.0,0.0,0.0,1
22.720702309835115,61.06181764300837,38.62817761258089,0.958819734868193,0.28401534470392253,0.0,0.0,0.0,0.0,1
29.05103163759164,54.94960072917718,13.56330866153242,0.2840153447039226,-0.958819734868193,1.0,0.0,0.0,0.0,7
27.871897017561448,47.82323390265838,34.27055556411929,-0.9588197348681928,-0.2840153447039235,1.0,0.0,0.0,0.0,5
25.54449026299084,57.948940317206,11.827987846877036,-0.28401534470392353,0.9588197348681927,0.0,0.0,0.0,0.0,1
26.905047958583523,61.93781290593447,37.40855418205928,0.958819734868193,0.28401534470392253,0.0,0.0,0.0,0.0,1
21.37316535429641,47.44257631805631,17.447617906737726,0.2840153447039226,-0.958819734868193,1.0,0.0,0.0,0.0,5
29.96776590899869,59.3085947184757,18.31051881459944,-0.9588197348681928,-0.2840153447039235,1.0,0.0,0.0,0.0,7
21.639537499863657,69.27549133816146,21.8342183991144,-0.28401534470392353,0.9588197348681927,0.0,0.0,0.0,0.0,1
25.910569788003063,49.21474702986143,15.909946303371855,0.958819734868193,0.28401534470392253,0.0,0.0,0.0,0.0,1
25.177305943802608,58.33261309060451,29.49354022638954,0.2840153447039226,-0.958819734868193,1.0,0.0,0.0,0.0,5
22.97811262375784,67.9453071971562,35.327065973074454,-0.9588197348681928,-0.2840153447039235,1.0,0.0,0.0,0.0,5
26.89896584278576,62.27847024429195,28.2765571512536,-0.28401534470392353,0.9588197348681927,0.0,0.0,0.0,0.0,1
23.890249012383286,44.86471141059626,24.44405051575472,0.958819734868193,0.28401534470392253,0.0,0.0,0.0,0.0,1
26.76889567846376,57.0161612943548,11.84437883306776,0.2840153447039226,-0.958819734868193,1.0,0.0,0.0,0.0,5
18.590207576357564,63.09588382152879,11.66384663563451,-0.9588197348681928,-0.2840153447039235,1.0,0.0,0.0,0.0,5
23.41023393394603,46.374957841929024,25.4193157547286,-0.28401534470392353,0.9588197348681927,0.0,0.0,0.0,0.0,1
19.230462553412877,50.84027774261649,31.26458871000345,0.958819734868193,0.28401534470392253,0.0,0.0,0.0,0.0,1
28.19085690383874,69.16711751195584,34.35109142627985,0.2840153447039226,-0.958819734868193,1.0,0.0,0.0,0.0,7
27.84886202905832,41.89193459750702,10.370773405924457,-0.9588197348681928,-0.2840153447039235,1.0,0.0,0.0,0.0,5
20.486964087295277,49.87358952486359,15.778152728497425,-0.28401534470392353,0.9588197348681927,0.0,0.0,0.0,0.0,1
22.40111128156031,57.368894048945336,34.261387272825765,0.958819734868193,0.28401534470392253,0.0,0.0,0.0,0.0,1
19.24203485681919,66.26209202322904,26.10768571511595,0.2840153447039226,-0.958819734868193,1.0,0.0,0.0,0.0,5
26.7390797766152,50.545720043918855,10.47210818208032,-0.9588197348681928,-0.2840153447039235,1.0,0.0,0.0,0.0,5
24.3989544354732,68.7349214431118,28.12488784644148,-0.28401534470392353,0.9588197348681927,0.0,0.0,0.0,0.0,1
22.53699292355827,64.72095532274649,27.222580423972914,0.958819734868193,0.28401534470392253,0.0,0.0,0.0,0.0,1
23.56344814005922,52.44383881295046,31.35358452903904,0.2840153447039226,-0.958819734868193,1.0,0.0,0.0,0.0,5
21.244350591508795,64.75454384388657,15.957741527434612,-0.9588197348681928,-0.2840153447039235,1.0,0.0,0.0,0.0,5
27.39066579044113,46.86830728806844,34.12760153166212,-0.28401534470392353,0.9588197348681927,0.0,0.0,0.0,0.0,1
24.29777665917077,68.50203407588543,30.767529437819935,0.958819734868193,0.28401534470392253,0.0,0.0,0.0,0.0,1
23.388464750512483,45.9511357236416,14.830408795307136,0.2840153447039226,-0.958819734868193,1.0,0.0,0.0,0.0,5
20.56423469710745,51.4071992961099,25.412337335826717,-0.9588197348681928,-0.2840153447039235,1.0,0.0,0.0,0.0,5
22.32918546692244,46.11968918998098,28.997142970116418,-0.28401534470392353,0.9588197348681927,0.0,0.0,0.0,0.0,1
22.59184209333386,66.26695475723932,13.98800720685464,0.958819734868193,0.28401534470392253,0.0,0.0,0.0,0.0,1
29.006762787486046,40.64277843105975,30.168329707787198,0.2840153447039226,-0.958819734868193,1.0,0.0,0.0,0.0,7
21.43383983002652,41.185783658056906,33.43887312961178,-0.9588197348681928,-0.2840153447039235,1.0,0.0,0.0,0.0,5
20.81315841646192,51.41674202180785,15.588461104681157,-0.28401534470392353,0.9588197348681927,0.0,0.0,0.0,0.0,1
24.35216975781617,40.853383021669885,16.064713215141765,0.958819734868193,0.28401534470392253,0.0,0.0,0.0,0.0,1
25.873995717773816,68.54660539259815,25.922337964084623,0.2840153447039226,-0.958819734868193,1.0,0.0,0.0,0.0,5
25.694708204221524,67.82143590591822,18.78747757232048,-0.9588197348681928,-0.2840153447039235,1.0,0.0,0.0,0.0,5
28.691442736457567,41.08530287426424,17.59843907672711,-0.28401534470392353,0.9588197348681927,0.0,0.0,0.0,0.0,3
23.8502802785856,45.09756552333939,37.969353947084656,0.958819734868193,0.28401534470392253,0.0,0.0,0.0,0.0,1
23.901352111937307,42.02147330276878,39.27096338298312,0.2840153447039226,-0.958819734868193,1.0,0.0,0.0,0.0,5
27.51228803922361,47.88003402209884,39.47142973097063,-0.9588197348681928,-0.2840153447039235,1.0,0.0,0.0,0.0,5
21.37936918458307,42.56016448966415,36.24984309695217,-0.28401534470392353,0.9588197348681927,0.0,0.0,0.0,0.0,1
18.770169440480576,68.15467107818009,11.286628082389722,0.958819734868193,0.28401534470392253,0.0,0.0,0.0,0.0,1
28.489264117457477,52.677274008675866,19.12039761368782,0.2840153447039226,-0.958819734868193,1.0,0.0,0.0,0.0,7
25.635568579291352,58.29578812631619,11.0291829915532,-0.9588197348681928,-0.2840153447039235,1.0,0.0,0.0,0.0,5
18.88185359956735,43.44541037802672,25.69444987530301,-0.28401534470392353,0.9588197348681927,0.0,0.0,0.0,0.0,1
19.09822006321666,53.38938363081095,38.11879129179574,0.958819734868193,0.28401534470392253,0.0,0.0,0.0,0.0,1
29.788908727442493,41.78461282965964,13.112497820726825,0.2840153447039226,-0.958819734868193,1.0,0.0,0.0,0.0,7
28.512809414803364,49.14202089202211,34.76053596284811,-0.9588197348681928,-0.2840153447039235,1.0,0.0,0.0,0.0,7
29.40545207756796,69.23538702320985,34.41753861061051,-0.28401534470392353,0.9588197348681927,0.0,0.0,0.0,0.0,3
24.699904295720827,46.30656239600528,23.33988982972742,0.958819734868193,0.28401534470392253,0.0,0.0,0.0,0.0,1
28.100653152148983,41.36848209506259,30.39024145512816,0.2840153447039226,-0.958819734868193,1.0,0.0,0.0,0.0,7
25.604160368186072,57.37937523649164,18.86621617527513,-0.9588197348681928,-0.2840153447039235,1.0,0.0,0.0,0.0,5
18.12058211481119,68.91920796617917,31.906760417832164,-0.28401534470392353,0.9588197348681927,0.0,0.0,0.0,0.0,1
23.10225575113838,51.657789089453416,38.350788713669566,0.958819734868193,0.28401534470392253,0.0,0.0,0.0,0.0,1
29.262965443714588,67.90181861405344,31.29316215964972,0.2840153447039226,-0.958819734868193,1.0,0.0,0.0,0.0,7
28.190539904031727,53.862436303643065,14.73250368236681,-0.9588197348681928,-0.2840153447039235,1.0,0.0,0.0,0.0,7
21.569562154808164,46.93427092784851,28.488949578441368,-0.28401534470392353,0.9588197348681927,0.0,0.0,0.0,0.0,1
18.93494503912756,54.73299411701394,38.15865761343471,0.958819734868193,0.28401534470392253,0.0,0.0,0.0,0.0,1
29.81091999903797,41.655952901293006,23.07181567785675,0.2840153447039226,-0.958819734868193,1.0,0.0,0.0,0.0,7
21.431277251828263,64.2947919537956,12.559477525952678,-0.9588197348681928,-0.2840153447039235,1.0,0.0,0.0,0.0,5
18.144343567039037,61.28860761306703,25.944474908927987,-0.28401534470392353,0.9588197348681927,0.0,0.0,0.0,0.0,1
25.10939517078893,41.19357529002584,14.383104049312951,0.958819734868193,0.28401534470392253,0.0,0.0,0.0,0.0,1
28.65518262942466,64.0602386153686,29.759636102221197,0.2840153447039226,-0.958819734868193,1.0,0.0,0.0,0.0,7
29.551327975501405,47.6092181754488,26.06722093759469,-0.9588197348681928,-0.2840153447039235,1.0,0.0,0.0,0.0,7
27.704889934130197,66.3618389768925,20.61207743412625,-0.28401534470392353,0.9588197348681927,0.0,0.0,0.0,0.0,1
29.116016196476583,68.22840976296085,19.79979122822173,0.958819734868193,0.28401534470392253,0.0,0.0,0.0,0.0,3
24.82128435521173,48.22257709590281,38.79870254012072,0.2840153447039226,-0.958819734868193,1.0,0.0,0.0,0.0,5
23.86383307436033,52.01363935770964,15.287981506250665,-0.9588197348681928,-0.2840153447039235,1.0,0.0,0.0,0.0,5
21.189220616611845,61.470880400031184,26.873147843215687,-0.28401534470392353,0.9588197348681927,0.0,0.0,0.0,0.0,1
18.776607447922597,52.87657435070726,38.51827917246277,0.958819734868193,0.28401534470392253,0.0,0.0,0.0,0.0,1
22.002928489020334,44.11662784707621,34.342744460134526,0.2840153447039226,-0.958819734868193,1.0,0.0,0.0,0.0,5
24.490756405552503,41.55901336994734,20.936533720524647,-0.9588197348681928,-0.2840153447039235,1.0,0.0,0.0,0.0,5
20.649225905425013,57.14519189118202,14.504463790674372,-0.28401534470392353,0.9588197348681927,0.0,0.0,0.0,0.0,1
26.406298450416735,56.68455678371524,30.13392937968258,0.958819734868193,0.28401534470392253,0.0,0.0,0.0,0.0,1
26.73736529545814,69.3215433455417,34.637479930249114,0.2840153447039226,-0.958819734868193,1.0,0.0,0.0,0.0,5
25.88920848092615,56.17522885092035,28.25440941574312,-0.9588197348681928,-0.2840153447039235,1.0,0.0,0.0,0.0,5
28.13330626257981,44.45734367857867,21.43901820930548,-0.28401534470392353,0.9588197348681927,0.0,0.0,0.0,0.0,3
26.256350026504133,64.70730584666744,35.93508333793044,0.958819734868193,0.28401534470392253,0.0,0.0,0.0,0.0,1
23.31423736625057,41.14038353645348,16.822064067146506,0.2840153447039226,-0.958819734868193,1.0,0.0,0.0,0.0,5
20.19227740709896,44.8474377454789,21.582357324240625,-0.9588197348681928,-0.2840153447039235,1.0,0.0,0.0,0.0,5
29.3300062667748,45.486154799824426,14.483973493796494,-0.28401534470392353,0.9588197348681927,0.0,0.0,0.0,0.0,3
19.77243365752325,46.24003896594226,38.89432269387803,0.958819734868193,0.28401534470392253,0.0,0.0,0.0,0.0,1
18.407894712432373,45.28176071786073,31.900661010876437,0.2840153447039226,-0.958819734868193,1.0,0.0,0.0,0.0,5
25.70074305369686,47.63014167424623,26.714400800551218,-0.9588197348681928,-0.2840153447039235,1.0,0.0,0.0,0.0,5
25.029071368379576,48.34857853554425,34.65500514934776,-0.28401534470392353,0.9588197348681927,0.0,0.0,0.0,0.0,1
27.45302255637027,56.33414437993302,22.099753229878743,0.958819734868193,0.28401534470392253,0.0,0.0,0.0,0.0,1
23.919696628059462,45.00231576160648,21.49603896846757,0.2840153447039226,-0.958819734868193,1.0,0.0,0.0,0.0,5
20.92308546921119,63.44597621689927,14.990699756222169,-0.9588197348681928,-0.2840153447039235,1.0,0.0,0.0,0.0,5
27.1196859729286,45.58236598867842,39.30673606765285,-0.28401534470392353,0.9588197348681927,0.0,0.0,0.0,0.0,1
21.703986914105236,65.91232221227767,27.647330007208744,0.958819734868193,0.28401534470392253,0.0,0.0,0.0,0.0,1
25.288387608933217,64.65932262978997,24.15317389975812,0.2840153447039226,-0.958819734868193,1.0,0.0,0.0,0.0,5
27.10544664584812,46.56746022872484,21.40448756444257,-0.9588197348681928,-0.2840153447039235,1.0,0.0,0.0,0.0,5
25.150759813658706,58.991017068624885,18.090187864774563,-0.28401534470392353,0.9588197348681927,0.0,0.0,0.0,0.0,1
28.348041586698358,52.57920537316578,32.7623485271595,0.958819734868193,0.28401534470392253,0.0,0.0,0.0,0.0,3
27.97304868412917,49.5005547594973,29.496863388319625,0.2840153447039226,-0.958819734868193,1.0,0.0,0.0,0.0,5
19.053683239067503,56.027222909695965,31.91716295988267,-0.9588197348681928,-0.2840153447039235,1.0,0.0,0.0,0.0,5
20.93587074926271,41.97037524142908,33.59216853753264,-0.28401534470392353,0.9588197348681927,0.0,0.0,0.0,0.0,1
27.08149791111647,57.838447704397495,25.496909310093617,0.958819734868193,0.28401534470392253,0.0,0.0,0.0,0.0,1
29.8396282060453,68.32595261234863,27.246691174649936,0.2840153447039226,-0.958819734868193,1.0,0.0,0.0,0.0,7
27.41346537094913,51.94967784288813,27.59583322327881,-0.9588197348681928,-0.2840153447039235,1.0,0.0,0.0,0.0,5
21.88172933548236,61.46567746856,29.75301902212041,-0.28401534470392353,0.9588197348681927,0.0,0.0,0.0,0.0,1
18.0765804591686,56.19282329514431,19.446102161660463,0.958819734868193,0.28401534470392253,0.0,0.0,0.0,0.0,1
28.06868423824757,46.45514240045146,23.774423007130466,0.2840153447039226,-0.958819734868193,1.0,0.0,0.0,0.0,7
24.56674969851393,54.13284890168914,25.60961489397769,-0.9588197348681928,-0.2840153447039235,1.0,0.0,0.0,0.0,5
21.60092485290652,64.39419843188101,25.296461131960548,-0.28401534470392353,0.9588197348681927,0.0,0.0,0.0,0.0,1
29.16231337650756,64.07656555349914,18.104660087990965,0.958819734868193,0.28401534470392253,0.0,0.0,0.0,0.0,3
21.44992611443478,69.01066593608931,39.76196613093347,0.2840153447039226,-0.958819734868193,1.0,0.0,0.0,0.0,5
25.942930119773116,66.83532618209867,18.448571015099887,-0.9588197348681928,-0.2840153447039235,1.0,0.0,0.0,0.0,5
21.16264152309769,66.59485478953098,39.35116749740816,-0.28401534470392353,0.9588197348681927,0.0,0.0,0.0,0.0,1
23.59723009753568,47.18794686479195,30.759935850366013,0.958819734868193,0.28401534470392253,0.0,0.0,0.0,0.0,1
28.091522114169173,49.79962260061997,15.381924331801937,0.2840153447039226,-0.958819734868193,1.0,0.0,0.0,0.0,7
27.38857907258734,60.3015954269108,18.676588759192605,-0.9588197348681928,-0.2840153447039235,1.0,0.0,0.0,0.0,5
20.338804905363844,57.14486529817373,38.804790843051705,-0.28401534470392353,0.9588197348681927,0.0,0.0,0.0,0.0,1
20.858034634693936,57.92195004658552,22.09620250765219,0.958819734868193,0.28401534470392253,0.0,0.0,0.0,0.0,1
21.82717237980425,44.2307983373773,25.142140211069,0.2840153447039226,-0.958819734868193,1.0,0.0,0.0,0.0,5
19.618797912891157,54.8214971774678,32.457843690643934,-0.9588197348681928,-0.2840153447039235,1.0,0.0,0.0,0.0,5
19.38043454485692,45.3344380391406,23.227752028138056,-0.28401534470392353,0.9588197348681927,0.0,0.0,0.0,0.0,1
29.12718182833036,63.82567980456491,33.66139479867519,0.958819734868193,0.28401534470392253,0.0,0.0,0.0,0.0,3
20.204337768278634,57.74945774737421,36.03925026970883,0.2840153447039226,-0.958819734868193,1.0,0.0,0.0,0.0,5
21.85538443128828,63.1345028740255,33.475256147247165,-0.9588197348681928,-0.2840153447039235,1.0,0.0,0.0,0.0,5
19.54924959647265,54.85925875732214,26.829386208428325,-0.28401534470392353,0.9588197348681927,0.0,0.0,0.0,0.0,1
21.63203140406308,61.1141147765194,29.030617151945528,0.958819734868193,0.28401534470392253,0.0,0.0,0.0,0.0,1
23.7979121097096,53.10340436390905,28.70773852956359,0.2840153447039226,-0.958819734868193,1.0,0.0,0.0,0.0,5
18.673969604625544,53.428694788460845,19.58770151455067,-0.9588197348681928,-0.2840153447039235,1.0,0.0,0.0,0.0,5
21.61447466735086,47.95718715482839,23.655874208811102,-0.28401534470392353,0.9588197348681927,0.0,0.0,0.0,0.0,1
25.02371997803156,62.009790799684325,15.423906323809778,0.958819734868193,0.28401534470392253,0.0,0.0,0.0,0.0,1
24.03958644820053,51.849990339816046,35.310985347703905,0.2840153447039226,-0.958819734868193,1.0,0.0,0.0,0.0,5
21.2525061481618,60.04313729688414,12.31719229702409,-0.9588197348681928,-0.2840153447039235,1.0,0.0,0.0,0.0,5
29.40586165650086,69.81282040270494,30.740470742441342,-0.28401534470392353,0.9588197348681927,0.0,0.0,0.0,0.0,3
19.680201494997203,60.75617501269795,29.76554069565885,0.958819734868193,0.28401534470392253,0.0,0.0,0.0,0.0,1
23.33443040885858,68.48812754405533,13.723851166633272,0.2840153447039226,-0.958819734868193,1.0,0.0,0.0,0.0,5
26.577849014742696,50.51896021968393,36.987749587890576,-0.9588197348681928,-0.2840153447039235,1.0,0.0,0.0,0.0,5
26.42813477088431,54.71196619930706,20.069470575278157,-0.28401534470392353,0.9588197348681927,0.0,0.0,0.0,0.0,1
26.312731060691604,43.55921982581872,39.58417972250021,0.958819734868193,0.28401534470392253,0.0,0.0,0.0,0.0,1
28.20288780359978,53.83442276462364,32.93919492449105,0.2840153447039226,-0.958819734868193,1.0,0.0,0.0,0.0,7
28.704418669371044,54.67228746449649,11.903856475702185,-0.9588197348681928,-0.2840153447039235,1.0,0.0,0.0,0.0,7
22.902042482804973,47.39337846060975,14.216266408291446,-0.28401534470392353,0.9588197348681927,0.0,0.0,0.0,0.0,1
26.633869727524683,59.57879421860355,30.67313888407702,0.958819734868193,0.28401534470392253,0.0,0.0,0.0,0.0,1
26.420827064742124,41.0866655268025,12.514557532774374,0.2840153447039226,-0.958819734868193,1.0,0.0,0.0,0.0,5
28.830158985937423,56.48557811238312,17.327482623350342,-0.9588197348681928,-0.2840153447039235,1.0,0.0,0.0,0.0,7
26.574527405469063,43.900430518949584,21.06281452526718,-0.28401534470392353,0.9588197348681927,0.0,0.0,0.0,0.0,1
26.719991006775203,65.41103575683343,30.60028342058153,0.958819734868193,0.28401534470392253,0.0,0.0,0.0,0.0,1
26.417062668035555,40.69675525082073,21.841842270753663,0.2840153447039226,-0.958819734868193,1.0,0.0,0.0,0.0,5
26.74095904907324,65.74063984782978,15.26081613980156,-0.9588197348681928,-0.2840153447039235,1.0,0.0,0.0,0.0,5
22.21269756597716,66.12251861257361,19.46967022327844,-0.28401534470392353,0.9588197348681927,0.0,0.0,0.0,0.0,1
21.70366331622592,62.31537438580538,29.466101424392463,0.958819734868193,0.28401534470392253,0.0,0.0,0.0,0.0,1
24.10758413514551,49.623047735918405,39.34961790967531,0.2840153447039226,-0.958819734868193,1.0,0.0,0.0,0.0,5
21.79769172733501,46.522772919295896,34.61439073045505,-0.9588197348681928,-0.2840153447039235,1.0,0.0,0.0,0.0,5
27.589280663498947,61.35127881565624,17.08190212406494,-0.28401534470392353,0.9588197348681927,0.0,0.0,0.0,0.0,1
21.344995802882032,68.84648403603006,37.7882465077408,0.958819734868193,0.28401534470392253,0.0,0.0,0.0,0.0,1
24.397470946026395,44.19826460228901,20.330517529947468,0.2840153447039226,-0.958819734868193,1.0,0.0,0.0,0.0,5
27.404488650641948,61.4778886589488,10.975495877115652,-0.9588197348681928,-0.2840153447039235,1.0,0.0,0.0,0.0,5
23.379647786631807,52.32446135970673,33.88816079216433,-0.28401534470392353,0.9588197348681927,0.0,0.0,0.0,0.0,1
23.369782386889725,52.15638902927152,16.587957067553802,0.958819734868193,0.28401534470392253,0.0,0.0,0.0,0.0,1
26.69142956213323,62.08381530432014,13.67297799527083,0.2840153447039226,-0.958819734868193,1.0,0.0,0.0,0.0,5
20.749930252369637,44.88951957160853,34.09510019027578,-0.9588197348681928,-0.2840153447039235,1.0,0.0,0.0,0.0,5
26.443642607495164,67.78201111209793,22.80868678184131,-0.28401534470392353,0.9588197348681927,0.0,0.0,0.0,0.0,1
26.480010311767867,62.17147943138248,30.896343232588205,0.958819734868193,0.28401534470392253,0.0,0.0,0.0,0.0,1
28.039340234203504,48.53982908222927,23.269169737282752,0.2840153447039226,-0.958819734868193,1.0,0.0,0.0,0.0,7
20.18555606767688,54.62268268634536,32.338776375777584,-0.9588197348681928,-0.2840153447039235,1.0,0.0,0.0,0.0,5
19.90842067411335,58.884908954552685,39.95439918745909,-0.28401534470392353,0.9588197348681927,0.0,0.0,0.0,0.0,1
24.897582798040567,45.77758384013252,27.31329826608273,0.958819734868193,0.28401534470392253,0.0,0.0,0.0,0.0,1
19.13839320390316,67.09234006732773,39.09941643182116,0.2840153447039226,-0.958819734868193,1.0,0.0,0.0,0.0,5
18.7304096146142,61.36656944110892,35.20212817912983,-0.9588197348681928,-0.2840153447039235,1.0,0.0,0.0,0.0,5
25.276496548568595,53.37679005046361,20.61237777863179,-0.28401534470392353,0.9588197348681927,0.0,0.0,0.0,0.0,1
21.028543759142902,53.856864736841146,14.399759028472882,0.958819734868193,0.28401534470392253,0.0,0.0,0.0,0.0,1
23.792554491420468,47.87400082675145,12.29164750381301,0.2840153447039226,-0.958819734868193,1.0,0.0,0.0,0.0,5
20.13582811227923,47.26176435492968,22.52595923562011,-0.9588197348681928,-0.2840153447039235,1.0,0.0,0.0,0.0,5
21.413355678488852,44.898194292140914,24.798051780575108,-0.28401534470392353,0.9588197348681927,0.0,0.0,0.0,0.0,1
27.549916235991628,63.23790663082235,28.99816625136042,0.958819734868193,0.28401534470392253,0.0,0.0,0.0,0.0,1
28.47002832770144,41.71327833693183,34.951126688813964,0.2840153447039226,-0.958819734868193,1.0,0.0,0.0,0.0,7
22.37888836786185,52.41826176159724,23.470254390682225,-0.9588197348681928,-0.2840153447039235,1.0,0.0,0.0,0.0,5
18.877524828118645,61.92883526800533,14.037364215443576,-0.28401534470392353,0.9588197348681927,0.0,0.0,0.0,0.0,1
25.81007305706572,46.46374725649464,19.079645941927254,0.958819734868193,0.28401534470392253,0.0,0.0,0.0,0.0,1
20.71390516176463,68.46334941360627,33.4691449033852,0.2840153447039226,-0.958819734868193,1.0,0.0,0.0,0.0,5
27.735859235990752,53.72079370811826,18.96316067124945,-0.9588197348681928,-0.2840153447039235,1.0,0.0,0.0,0.0,5
27.353378622834207,57.34366973035453,18.757717963263914,-0.28401534470392353,0.9588197348681927,0.0,0.0,0.0,0.0,1
24.34122072349153,60.78536828691,38.62450164209714,0.958819734868193,0.28401534470392253,0.0,0.0,0.0,0.0,1
21.83651447782512,43.79997011107894,12.226514297653802,0.2840153447039226,-0.958819734868193,1.0,0.0,0.0,0.0,5
25.817360438909727,55.70589944622015,32.821090219576334,-0.9588197348681928,-0.2840153447039235,1.0,0.0,0.0,0.0,5
29.375088398555867,40.5115678737241,28.982381295188542,-0.28401534470392353,0.9588197348681927,0.0,0.0,0.0,0.0,3
18.970021250474257,48.03197537044265,35.79074811310855,0.958819734868193,0.28401534470392253,0.0,0.0,0.0,0.0,1
25.0197751576758,57.26775328324254,32.6138500117011,0.2840153447039226,-0.958819734868193,1.0,0.0,0.0,0.0,5
28.046301989980837,68.3793874367656,11.830253295778906,-0.9588197348681928,-0.2840153447039235,1.0,0.0,0.0,0.0,7
19.50158017320069,63.28953424086493,24.82140469211573,-0.28401534470392353,0.9588197348681927,0.0,0.0,0.0,0.0,1
28.085520131330533,56.93752677384358,31.449844205935385,0.958819734868193,0.28401534470392253,0.0,0.0,0.0,0.0,3
29.313925142272623,69.43580463943579,35.49753552128561,0.2840153447039226,-0.958819734868193,1.0,0.0,0.0,0.0,7
27.22152298047331,55.28664222598608,33.53571565868615,-0.9588197348681928,-0.2840153447039235,1.0,0.0,0.0,0.0,5
27.64777273852413,55.73096062778397,19.865640542543563,-0.28401534470392353,0.9588197348681927,0.0,0.0,0.0,0.0,1
27.919926147723004,45.71553695730758,13.954959092072505,0.958819734868193,0.28401534470392253,0.0,0.0,0.0,0.0,1
28.415199345779943,46.345665211731664,23.276825134992016,0.2840153447039226,-0.958819734868193,1.0,0.0,0.0,0.0,7
27.907478432715457,56.90226310915821,32.36575028850514,-0.9588197348681928,-0.2840153447039235,1.0,0.0,0.0,0.0,5
20.827521033200725,65.13944817179197,23.12992334423776,-0.28401534470392353,0.9588197348681927,0.0,0.0,0.0,0.0,1
29.03653226833075,67.17703639565559,16.364378823144577,0.958819734868193,0.28401534470392253,0.0,0.0,0.0,0.0,3
24.978749438941676,42.87212693092219,39.56519588905206,0.2840153447039226,-0.958819734868193,1.0,0.0,0.0,0.0,5
27.89766438029139,44.63365490902166,18.517374853009237,-0.9588197348681928,-0.2840153447039235,1.0,0.0,0.0,0.0,5
29.18305565428654,53.21652381628066,35.842908190509846,-0.28401534470392353,0.9588197348681927,0.0,0.0,0.0,0.0,3
18.571027529953668,44.85585189817796,36.52879218980392,0.958819734868193,0.28401534470392253,0.0,0.0,0.0,0.0,1
21.89245461848888,52.06247152943091,13.992938986092769,0.2840153447039226,-0.958819734868193,1.0,0.0,0.0,0.0,5
28.113799511976676,51.79635243601777,35.45906517983671,-0.9588197348681928,-0.2840153447039235,1.0,0.0,0.0,0.0,7
21.96361100466781,44.252479783354914,18.956317763242545,-0.28401534470392353,0.9588197348681927,0.0,0.0,0.0,0.0,1
21.553200983428106,65.86910224470776,28.780099027618,0.958819734868193,0.28401534470392253,0.0,0.0,0.0,0.0,1
26.852511272974475,47.47378886065747,32.516442788498566,0.2840153447039226,-0.958819734868193,1.0,0.0,0.0,0.0,5
24.257706880943907,67.35296968414792,11.995846532538584,-0.9588197348681928,-0.2840153447039235,1.0,0.0,0.0,0.0,5
21.052964761204557,43.21440262503537,25.161191217328504,-0.28401534470392353,0.9588197348681927,0.0,0.0,0.0,0.0,1
26.543676342382664,67.00301228665916,32.82756216814303,0.958819734868193,0.28401534470392253,0.0,0.0,0.0,0.0,1
25.148614704535635,65.17070671664376,22.5335231607356,0.2840153447039226,-0.958819734868193,1.0,0.0,0.0,0.0,5
23.10314767715296,53.33731750052159,39.93675092173659,-0.9588197348681928,-0.2840153447039235,1.0,0.0,0.0,0.0,5
24.660557171539885,41.23910695849296,25.419553089632835,-0.28401534470392353,0.9588197348681927,0.0,0.0,0.0,0.0,1
25.15360061426174,50.07179328446938,37.31688961295907,0.958819734868193,0.28401534470392253,0.0,0.0,0.0,0.0,1
21.001526705259906,67.34102231119303,32.67039645597921,0.2840153447039226,-0.958819734868193,1.0,0.0,0.0,0.0,5
29.312757025539508,62.18416232389984,24.443154710672854,-0.9588197348681928,-0.2840153447039235,1.0,0.0,0.0,0.0,7
24.885469676946254,50.07145417949123,26.3262200648261,-0.28401534470392353,0.9588197348681927,0.0,0.0,0.0,0.0,1
27.59567029038047,47.07283545096444,23.30321477521337,0.958819734868193,0.28401534470392253,0.0,0.0,0.0,0.0,1
19.99070452213672,57.87174319026149,38.18522315625871,0.2840153447039226,-0.958819734868193,1.0,0.0,0.0,0.0,5
26.008957155091544,40.4189759161824,18.14834742363867,-0.9588197348681928,-0.2840153447039235,1.0,0.0,0.0,0.0,5
28.819441760550166,54.32717961623741,38.29549747156685,-0.28401534470392353,0.9588197348681927,0.0,0.0,0.0,0.0,3
19.94939518097568,67.89806399388553,30.5724045544668,0.958819734868193,0.28401534470392253,0.0,0.0,0.0,0.0,1
26.16075916261717,63.79066412400184,28.696506077519395,0.2840153447039226,-0.958819734868193,1.0,0.0,0.0,0.0,5
20.355442115360432,48.59014872599765,22.816830105285444,-0.9588197348681928,-0.2840153447039235,1.0,0.0,0.0,0.0,5
20.631046654135616,45.71980760166555,33.26339556186399,-0.28401534470392353,0.9588197348681927,0.0,0.0,0.0,0.0,1
18.21877067791276,40.99872032463496,13.20188878229409,0.958819734868193,0.28401534470392253,0.0,0.0,0.0,0.0,1
27.306092392939156,51.10616844135855,30.972637262382204,0.2840153447039226,-0.958819734868193,1.0,0.0,0.0,0.0,5
28.08755694704842,42.04916458285444,11.35654175634597,-0.9588197348681928,-0.2840153447039235,1.0,0.0,0.0,0.0,7
27.157018885612864,60.59087006639171,30.261023544203773,-0.28401534470392353,0.9588197348681927,0.0,0.0,0.0,0.0,1
28.656264052829687,54.64225142778545,37.41423506406524,0.958819734868193,0.28401534470392253,0.0,0.0,0.0,0.0,3
22.537742508116523,62.78402948731201,10.893011317149618,0.2840153447039226,-0.958819734868193,1.0,0.0,0.0,0.0,5
21.583970707157174,46.25975795019039,39.87447770648883,-0.9588197348681928,-0.2840153447039235,1.0,0.0,0.0,0.0,5
26.63364996366428,56.251140843768255,28.00383648210667,-0.28401534470392353,0.9588197348681927,0.0,0.0,0.0,0.0,1
23.049814715735423,64.56233472273684,30.29431089443373,0.958819734868193,0.28401534470392253,0.0,0.0,0.0,0.0,1
21.515017138002506,42.432763044975566,20.025019887229007,0.2840153447039226,-0.958819734868193,1.0,0.0,0.0,0.0,5
28.40608825378129,41.84502353116164,28.624138339145954,-0.9588197348681928,-0.2840153447039235,1.0,0.0,0.0,0.0,7
28.760922004344213,40.02875752265229,23.53844147075791,-0.28401534470392353,0.9588197348681927,0.0,0.0,0.0,0.0,3
18.713744570457468,47.49653864017524,14.733092155165792,0.958819734868193,0.28401534470392253,0.0,0.0,0.0,0.0,1
20.721583735474518,40.90022114561335,13.900004400169763,0.2840153447039226,-0.958819734868193,1.0,0.0,0.0,0.0,5
29.775282753753817,40.3079306834616,11.370813722991636,-0.9588197348681928,-0.2840153447039235,1.0,0.0,0.0,0.0,7
21.791234303388272,69.09317580051552,24.687702171607118,-0.28401534470392353,0.9588197348681927,0.0,0.0,0.0,0.0,1
18.47767535733569,45.59476507280531,26.34042133993408,0.958819734868193,0.28401534470392253,0.0,0.0,0.0,0.0,1
28.08302079881917,50.62789124351898,11.945873853293108,0.2840153447039226,-0.958819734868193,1.0,0.0,0.0,0.0,7
18.73639726613689,68.61059387629822,17.048996909190752,-0.9588197348681928,-0.2840153447039235,1.0,0.0,0.0,0.0,5
19.11634185643723,66.45080399001114,37.63041392147535,-0.28401534470392353,0.9588197348681927,0.0,0.0,0.0,0.0,1
19.962002004084088,62.86774038974448,37.01401398776258,0.958819734868193,0.28401534470392253,0.0,0.0,0.0,0.0,1
22.681759829337157,68.41766646946036,12.871388405533477,0.2840153447039226,-0.958819734868193,1.0,0.0,0.0,0.0,5
22.26520026630949,64.85568595362518,12.884620580514689,-0.9588197348681928,-0.2840153447039235,1.0,0.0,0.0,0.0,5
25.1155040662883,63.08883807215902,37.97801369759675,-0.28401534470392353,0.9588197348681927,0.0,0.0,0.0,0.0,1
29.061902959084456,50.25464142397048,32.916797189941136,0.958819734868193,0.28401534470392253,0.0,0.0,0.0,0.0,3
22.52530287378455,61.51088849689589,16.471567970487637,0.2840153447039226,-0.958819734868193,1.0,0.0,0.0,0.0,5
26.354204873334524,69.62908350446284,39.49093794866258,-0.9588197348681928,-0.2840153447039235,1.0,0.0,0.0,0.0,5
21.685705642899546,63.92402784038067,39.617686239607984,-0.28401534470392353,0.9588197348681927,0.0,0.0,0.0,0.0,1
29.690442252526587,61.36910145067704,27.6180142568936,0.958819734868193,0.28401534470392253,0.0,0.0,0.0,0.0,3
23.002746709426184,42.63072385106552,37.18982067868416,0.2840153447039226,-0.958819734868193,1.0,0.0,0.0,0.0,5
25.49103094139806,64.12830622791759,11.230359251079935,-0.9588197348681928,-0.2840153447039235,1.0,0.0,0.0,0.0,5
21.714236136094957,41.0332745098879,24.80073496244848,-0.28401534470392353,0.9588197348681927,0.0,0.0,0.0,0.0,1
26.34415709870639,50.51015242599176,30.52594829218724,0.958819734868193,0.28401534470392253,0.0,0.0,0.0,0.0,1
19.851941809675925,61.08587620946636,36.82661388829676,0.2840153447039226,-0.958819734868193,1.0,0.0,0.0,0.0,5
25.84183238573272,68.42305357359643,36.45194469696427,-0.9588197348681928,-0.2840153447039235,1.0,0.0,0.0,0.0,5
21.45719058947785,47.56038434716536,30.44461805154743,-0.28401534470392353,0.9588197348681927,0.0,0.0,0.0,0.0,1
22.79851253085313,64.3378368008686,12.415642879778895,0.958819734868193,0.28401534470392253,0.0,0.0,0.0,0.0,1
20.103428397815136,66.84882424292202,16.488790630584756,0.2840153447039226,-0.958819734868193,1.0,0.0,0.0,0.0,5
20.61604935242171,49.321013185875536,27.151315438923422,-0.9588197348681928,-0.2840153447039235,1.0,0.0,0.0,0.0,5
29.159451078867217,48.71404476773364,13.936174051571845,-0.28401534470392353,0.9588197348681927,0.0,0.0,0.0,0.0,3
24.55484389649717,61.30975524095177,38.30826764245677,0.958819734868193,0.28401534470392253,0.0,0.0,0.0,0.0,1
21.57076091308962,64.56600481235427,30.59466512879295,0.2840153447039226,-0.958819734868193,1.0,0.0,0.0,0.0,5
19.90293047426799,40.12125386972386,19.098967357956084,-0.9588197348681928,-0.2840153447039235,1.0,0.0,0.0,0.0,5
25.621674934593862,63.3070529490873,12.898339588780214,-0.28401534470392353,0.9588197348681927,0.0,0.0,0.0,0.0,1
21.568323674276368,65.95136347874009,36.96423984459608,0.958819734868193,0.28401534470392253,0.0,0.0,0.0,0.0,1
22.975236746484487,61.48250110023877,27.53630224506276,0.2840153447039226,-0.958819734868193,1.0,0.0,0.0,0.0,5
18.113973328775646,65.89116544424536,16.29662398522822,-0.9588197348681928,-0.2840153447039235,1.0,0.0,0.0,0.0,5
24.420573731775495,60.8530196931436,23.937892238388883,-0.28401534470392353,0.9588197348681927,0.0,0.0,0.0,0.0,1
29.768675591469293,46.63337805994387,30.13972507981561,0.958819734868193,0.28401534470392253,0.0,0.0,0.0,0.0,3
18.4741821226846,60.88375426617339,11.960484225488518,0.2840153447039226,-0.958819734868193,1.0,0.0,0.0,0.0,5
18.113902600220047,53.72261938051804,11.628644213973349,-0.9588197348681928,-0.2840153447039235,1.0,0.0,0.0,0.0,5
29.03113110667868,54.58475667967138,32.76997647648077,-0.28401534470392353,0.9588197348681927,0.0,0.0,0.0,0.0,3
19.526813237174373,54.624746839813554,39.35626010455095,0.958819734868193,0.28401534470392253,0.0,0.0,0.0,0.0,1
26.960662008289795,40.45318056976426,25.770125263078164,0.2840153447039226,-0.958819734868193,1.0,0.0,0.0,0.0,5
20.76253165711127,40.86544724579687,32.01091447353349,-0.9588197348681928,-0.2840153447039235,1.0,0.0,0.0,0.0,5
26.414201666383107,65.21987187442497,16.800647196607127,-0.28401534470392353,0.9588197348681927,0.0,0.0,0.0,0.0,1
27.62640430330118,51.00141590218647,26.48722501829544,0.958819734868193,0.28401534470392253,0.0,0.0,0.0,0.0,1
22.48152759367888,57.74344335194982,17.619811304854004,0.2840153447039226,-0.958819734868193,1.0,0.0,0.0,0.0,5
25.796527345934408,40.79112930875952,23.621695547060085,-0.9588197348681928,-0.2840153447039235,1.0,0.0,0.0,0.0,5
25.865821667628964,44.84244230832349,17.50685253684606,-0.28401534470392353,0.9588197348681927,0.0,0.0,0.0,0.0,1
29.028858811317228,49.13608108972697,25.214124534376943,0.958819734868193,0.28401534470392253,0.0,0.0,0.0,0.0,3
23.6645357540458,63.85716339789072,36.63270517840854,0.2840153447039226,-0.958819734868193,1.0,0.0,0.0,0.0,5
25.27331286840125,45.64126956713855,27.570847956729697,-0.9588197348681928,-0.2840153447039235,1.0,0.0,0.0,0.0,5
18.930038873160857,41.41758501044493,18.46119551030943,-0.28401534470392353,0.9588197348681927,0.0,0.0,0.0,0.0,1
19.554966856922537,51.01522445679046,24.57358400796577,0.958819734868193,0.28401534470392253,0.0,0.0,0.0,0.0,1
21.096604856978004,46.66585780313879,23.605771318885544,0.2840153447039226,-0.958819734868193,1.0,0.0,0.0,0.0,5
19.384833869143986,43.13226148776431,12.701996682071169,-0.9588197348681928,-0.2840153447039235,1.0,0.0,0.0,0.0,5
23.03558794487844,53.32693511449459,22.42583924443314,-0.28401534470392353,0.9588197348681927,0.0,0.0,0.0,0.0,1
24.414055499493536,55.77614859577418,26.751730085330927,0.958819734868193,0.28401534470392253,0.0,0.0,0.0,0.0,1
29.679544121663348,54.48674810594733,21.293955357457968,0.2840153447039226,-0.958819734868193,1.0,0.0,0.0,0.0,7
18.83906270551193,60.289855299765335,34.362909957379216,-0.9588197348681928,-0.2840153447039235,1.0,0.0,0.0,0.0,5
28.241979085712867,55.980223239183246,38.9401466030787,-0.28401534470392353,0.9588197348681927,0.0,0.0,0.0,0.0,3
21.10348585637106,58.66982015923614,23.681351534171764,0.958819734868193,0.28401534470392253,0.0,0.0,0.0,0.0,1
24.848688537440538,57.2683453269194,27.831138218858943,0.2840153447039226,-0.958819734868193,1.0,0.0,0.0,0.0,5
26.469515566787592,63.09285473369856,32.471310336987266,-0.9588197348681928,-0.2840153447039235,1.0,0.0,0.0,0.0,5
26.47662839971896,51.591271414839056,29.05481417704339,-0.28401534470392353,0.9588197348681927,0.0,0.0,0.0,0.0,1
20.50834452056736,40.57682758801887,11.720227544493984,0.958819734868193,0.28401534470392253,0.0,0.0,0.0,0.0,1
19.101329826971188,48.33887314534864,19.91500671626405,0.2840153447039226,-0.958819734868193,1.0,0.0,0.0,0.0,5
26.38154426369505,69.92896630912543,13.064866443071642,-0.9588197348681928,-0.2840153447039235,1.0,0.0,0.0,0.0,5
23.88783887119496,60.140556423370825,20.603426134455784,-0.28401534470392353,0.9588197348681927,0.0,0.0,0.0,0.0,1
28.252739271878283,61.60496216968478,34.540990661934984,0.958819734868193,0.28401534470392253,0.0,0.0,0.0,0.0,3
23.616822531162384,61.68057116417315,27.17597219610004,0.2840153447039226,-0.958819734868193,1.0,0.0,0.0,0.0,5
18.73538317924952,45.90915800093799,16.459837046481848,-0.9588197348681928,-0.2840153447039235,1.0,0.0,0.0,0.0,5
29.73431155460343,63.38159518432652,22.48264671775258,-0.28401534470392353,0.9588197348681927,0.0,0.0,0.0,0.0,3
20.590982566646503,55.95392006148358,25.988708837055466,0.958819734868193,0.28401534470392253,0.0,0.0,0.0,0.0,1
28.638256920949114,51.16048918989827,26.88267682047947,0.2840153447039226,-0.958819734868193,1.0,0.0,0.0,0.0,7
25.60547983612873,40.38955429006537,29.70239387577159,-0.9588197348681928,-0.2840153447039235,1.0,0.0,0.0,0.0,5
23.761751567312388,50.983903893938695,24.32170267036394,-0.28401534470392353,0.9588197348681927,0.0,0.0,0.0,0.0,1
18.927461187280997,56.13228828383812,10.871052778792968,0.958819734868193,0.28401534470392253,0.0,0.0,0.0,0.0,1
25.062088141726555,50.707985028696974,24.597147133195637,0.2840153447039226,-0.958819734868193,1.0,0.0,0.0,0.0,5
28.373197488568263,58.81136277157883,16.173199823698702,-0.9588197348681928,-0.2840153447039235,1.0,0.0,0.0,0.0,7
27.41733479836565,66.24682157092298,31.181053833646544,-0.28401534470392353,0.9588197348681927,0.0,0.0,0.0,0.0,1
26.44540343117153,52.90743547157679,27.897028149282946,0.958819734868193,0.28401534470392253,0.0,0.0,0.0,0.0,1
19.84099483994906,63.69209432312343,11.682591862500848,0.2840153447039226,-0.958819734868193,1.0,0.0,0.0,0.0,5
21.73050676068217,53.08567345312969,32.32401948219781,-0.9588197348681928,-0.2840153447039235,1.0,0.0,0.0,0.0,5
25.44873951891621,64.10427953767565,25.078768774651877,-0.28401534470392353,0.9588197348681927,0.0,0.0,0.0,0.0,1
22.557086252330205,57.69411311125718,11.19663821803904,0.958819734868193,0.28401534470392253,0.0,0.0,0.0,0.0,1
24.5649551122071,49.94085851945808,28.352760788266703,0.2840153447039226,-0.958819734868193,1.0,0.0,0.0,0.0,5
22.63182760056873,67.89728618678423,15.30357561965055,-0.9588197348681928,-0.2840153447039235,1.0,0.0,0.0,0.0,5
25.50658060267724,57.79667976826306,29.510824661185868,-0.28401534470392353,0.9588197348681927,0.0,0.0,0.0,0.0,1
28.645447380549815,61.98421214694276,19.36545463749341,0.958819734868193,0.28401534470392253,0.0,0.0,0.0,0.0,3
22.6620907323833,54.41836356623393,13.653180067659282,0.2840153447039226,-0.958819734868193,1.0,0.0,0.0,0.0,5
29.979442733568312,66.47137103061321,26.82132782129875,-0.9588197348681928,-0.2840153447039235,1.0,0.0,0.0,0.0,7
26.35808183282253,44.908773322514925,28.87465848471849,-0.28401534470392353,0.9588197348681927,0.0,0.0,0.0,0.0,1
27.384517598934814,47.46863116727653,21.867113721365392,0.958819734868193,0.28401534470392253,0.0,0.0,0.0,0.0,1
25.147506876229627,62.0477901291048,27.04883363483552,0.2840153447039226,-0.958819734868193,1.0,0.0,0.0,0.0,5
27.29159475625056,45.29601567312452,19.910613499051838,-0.9588197348681928,-0.2840153447039235,1.0,0.0,0.0,0.0,5
21.209200660984877,61.087645286840015,19.001754473830644,-0.28401534470392353,0.9588197348681927,0.0,0.0,0.0,0.0,1
23.298870190266943,54.0441157462832,36.61811614542387,0.958819734868193,0.28401534470392253,0.0,0.0,0.0,0.0,1
26.07885912466316,67.12826030319533,26.895961472435523,0.2840153447039226,-0.958819734868193,1.0,0.0,0.0,0.0,5
26.322984951462665,62.355547744990815,17.666796894666877,-0.9588197348681928,-0.2840153447039235,1.0,0.0,0.0,0.0,5
23.573556541587028,59.56626249157213,39.797176602190106,-0.28401534470392353,0.9588197348681927,0.0,0.0,0.0,0.0,1
18.79045940481779,48.47237703845923,14.857006591315857,0.958819734868193,0.28401534470392253,0.0,0.0,0.0,0.0,1
27.78611355646962,44.48209779493916,38.68272958408181,0.2840153447039226,-0.958819734868193,1.0,0.0,0.0,0.0,5
26.955667842910948,66.66935205036256,27.267658557867428,-0.9588197348681928,-0.2840153447039235,1.0,0.0,0.0,0.0,5
25.22298564210434,55.068265984430994,24.63926477301204,-0.28401534470392353,0.9588197348681927,0.0,0.0,0.0,0.0,1
19.047366883355885,65.36167207958175,17.83458135459101,0.958819734868193,0.28401534470392253,0.0,0.0,0.0,0.0,1
18.32214984132022,51.42612568684834,23.827207840684,0.2840153447039226,-0.958819734868193,1.0,0.0,0.0,0.0,5
29.89187783877444,68.5283557676888,28.700829402814605,-0.9588197348681928,-0.2840153447039235,1.0,0.0,0.0,0.0,7
19.639382075359165,50.27293765531098,17.29330464568587,-0.28401534470392353,0.9588197348681927,0.0,0.0,0.0,0.0,1
20.34675688935932,47.89346112002018,21.085885055794424,0.958819734868193,0.28401534470392253,0.0,0.0,0.0,0.0,1
22.2435719411038,45.07516618372064,13.827142703142824,0.2840153447039226,-0.958819734868193,1.0,0.0,0.0,0.0,5
24.057603564274384,62.61944771916268,19.27799945151001,-0.9588197348681928,-0.2840153447039235,1.0,0.0,0.0,0.0,5
19.530543528324667,66.01475045074821,30.74154503077641,-0.28401534470392353,0.9588197348681927,0.0,0.0,0.0,0.0,1
29.638677874820782,45.402329753375824,33.46180333482921,0.958819734868193,0.28401534470392253,0.0,0.0,0.0,0.0,3
24.591572141626813,61.78731417541552,18.315321122239,0.2840153447039226,-0.958819734868193,1.0,0.0,0.0,0.0,5
25.728082873570777,60.02268793793501,31.97284604978208,-0.9588197348681928,-0.2840153447039235,1.0,0.0,0.0,0.0,5
29.285399443784637,47.00483710591893,23.43610599195078,-0.28401534470392353,0.9588197348681927,0.0,0.0,0.0,0.0,3
19.548083606612146,62.09775327201045,26.612830651053702,0.958819734868193,0.28401534470392253,0.0,0.0,0.0,0.0,1
26.315819363875253,42.703813399170265,26.629207562883224,0.2840153447039226,-0.958819734868193,1.0,0.0,0.0,0.0,5
21.53958777382874,63.66754014840929,15.889284026675009,-0.9588197348681928,-0.2840153447039235,1.0,0.0,0.0,0.0,5
28.35995461990405,45.58347836799517,12.870495443170409,-0.28401534470392353,0.9588197348681927,0.0,0.0,0.0,0.0,3
22.83928517691684,66.62138880742805,25.97918033263708,0.958819734868193,0.28401534470392253,0.0,0.0,0.0,0.0,1
20.27954023314598,47.94694872292101,36.19000230347702,0.2840153447039226,-0.958819734868193,1.0,0.0,0.0,0.0,5
19.040781204023663,61.897253521592674,10.31005667835469,-0.9588197348681928,-0.2840153447039235,1.0,0.0,0.0,0.0,5
28.04816035954873,47.719742788722336,30.344653286312383,-0.28401534470392353,0.9588197348681927,0.0,0.0,0.0,0.0,3
28.1706587751155,42.299895432267625,34.07870405450693,0.958819734868193,0.28401534470392253,0.0,0.0,0.0,0.0,3
22.475980586638705,42.58210227982312,38.13579401031066,0.2840153447039226,-0.958819734868193,1.0,0.0,0.0,0.0,5
29.64120590676696,46.34387943968444,12.613673184585345,-0.9588197348681928,-0.2840153447039235,1.0,0.0,0.0,0.0,7
25.679352061129805,63.48847004597162,39.73606148534261,-0.28401534470392353,0.9588197348681927,0.0,0.0,0.0,0.0,1
23.00864847158588,41.04428191667934,18.60278437807368,0.958819734868193,0.28401534470392253,0.0,0.0,0.0,0.0,1
20.879348977260783,60.71684249471401,30.880957410308103,0.2840153447039226,-0.958819734868193,1.0,0.0,0.0,0.0,5
25.77059706958076,61.87309047436426,29.652655519518525,-0.9588197348681928,-0.2840153447039235,1.0,0.0,0.0,0.0,5
24.756866450497647,46.4903605777978,19.109823311441925,-0.28401534470392353,0.9588197348681927,0.0,0.0,0.0,0.0,1
27.796877649119004,51.69589754276927,32.14454060292621,0.958819734868193,0.28401534470392253,0.0,0.0,0.0,0.0,1
26.636190092608828,52.69917186424623,13.332814221437133,0.2840153447039226,-0.958819734868193,1.0,0.0,0.0,0.0,5
22.58549044202388,66.9442932010957,39.9746420566878,-0.9588197348681928,-0.2840153447039235,1.0,0.0,0.0,0.0,5
19.983620646246003,68.34723967013704,27.96330848905564,-0.28401534470392353,0.9588197348681927,0.0,0.0,0.0,0.0,1
20.080532084981066,62.93467105857597,32.08209461986534,0.958819734868193,0.28401534470392253,0.0,0.0,0.0,0.0,1
19.395206129190367,42.077185082630514,21.89280675592041,0.2840153447039226,-0.958819734868193,1.0,0.0,0.0,0.0,5
20.51731653382032,52.92354704990846,24.400491931373416,-0.9588197348681928,-0.2840153447039235,1.0,0.0,0.0,0.0,5
22.155752283737613,67.69843167541686,34.29530127849523,-0.28401534470392353,0.9588197348681927,0.0,0.0,0.0,0.0,1
20.115341239452636,48.23609776289288,15.309243431051948,0.958819734868193,0.28401534470392253,0.0,0.0,0.0,0.0,1
25.003086691497337,69.41841234913669,29.83579167637594,0.2840153447039226,-0.958819734868193,1.0,0.0,0.0,0.0,5
24.30695070873656,44.03317162623743,27.596363009776905,-0.9588197348681928,-0.2840153447039235,1.0,0.0,0.0,0.0,5
29.820695721184816,68.4858925229336,21.77198843013637,-0.28401534470392353,0.9588197348681927,0.0,0.0,0.0,0.0,3
19.518124501764863,65.23751607283822,14.558084292070628,0.958819734868193,0.28401534470392253,0.0,0.0,0.0,0.0,1
21.91705988043524,62.27067122972228,13.495099539542723,0.2840153447039226,-0.958819734868193,1.0,0.0,0.0,0.0,5
28.48065807847925,46.46607827350734,14.956383266177326,-0.9588197348681928,-0.2840153447039235,1.0,0.0,0.0,0.0,7
19.926304924552102,65.06282626649234,23.030775724325963,-0.28401534470392353,0.9588197348681927,0.0,0.0,0.0,0.0,1
28.42250619244409,68.21362548549033,29.306448469852597,0.958819734868193,0.28401534470392253,0.0,0.0,0.0,0.0,3
22.335970022457435,54.71185062416523,16.618342903068985,0.2840153447039226,-0.958819734868193,1.0,0.0,0.0,0.0,5
22.86259639033048,61.66870488317041,22.045051936975128,-0.9588197348681928,-0.2840153447039235,1.0,0.0,0.0,0.0,5
26.884532841752662,62.415856023612506,20.105059979821448,-0.28401534470392353,0.9588197348681927,0.0,0.0,0.0,0.0,1
22.56690850518308,62.925074004111465,19.18370855569975,0.958819734868193,0.28401534470392253,0.0,0.0,0.0,0.0,1
27.73438988782545,46.75190953132906,33.418079725363256,0.2840153447039226,-0.958819734868193,1.0,0.0,0.0,0.0,5
18.31669792713427,56.73128858753114,14.393540335622538,-0.9588197348681928,-0.2840153447039235,1.0,0.0,0.0,0.0,5
28.29087179085388,43.76651211891974,22.021785374089376,-0.28401534470392353,0.9588197348681927,0.0,0.0,0.0,0.0,3
26.78005211741363,54.83278888325327,18.942055994096943,0.958819734868193,0.28401534470392253,0.0,0.0,0.0,0.0,1
18.46307454814849,41.92639628984045,34.79532797219959,0.2840153447039226,-0.958819734868193,1.0,0.0,0.0,0.0,5
23.19546422747477,42.41591624477059,15.610001780117242,-0.9588197348681928,-0.2840153447039235,1.0,0.0,0.0,0.0,5
18.791568135101645,65.89791680548946,38.46147958711883,-0.28401534470392353,0.9588197348681927,0.0,0.0,0.0,0.0,1
18.695768665013453,69.29313902627366,14.556921659666171,0.958819734868193,0.28401534470392253,0.0,0.0,0.0,0.0,1
22.558268243690037,45.16282319596887,37.83519589076404,0.2840153447039226,-0.958819734868193,1.0,0.0,0.0,0.0,5
21.23636784989023,48.13638503219701,31.44292206389067,-0.9588197348681928,-0.2840153447039235,1.0,0.0,0.0,0.0,5
24.60604549529513,46.47517918043762,36.21805037531775,-0.28401534470392353,0.9588197348681927,0.0,0.0,0.0,0.0,1
26.626791092659445,53.95551132891278,11.208244621586497,0.958819734868193,0.28401534470392253,0.0,0.0,0.0,0.0,1
22.81979747167817,51.88736412392339,33.91395457851596,0.2840153447039226,-0.958819734868193,1.0,0.0,0.0,0.0,5
22.280731711120765,54.93390807859823,21.17162576390113,-0.9588197348681928,-0.2840153447039235,1.0,0.0,0.0,0.0,5
23.24610414150292,50.3551341747874,28.223337515056677,-0.28401534470392353,0.9588197348681927,0.0,0.0,0.0,0.0,1
22.524905967484308,52.28840178530823,11.983741089983312,0.958819734868193,0.28401534470392253,0.0,0.0,0.0,0.0,1
19.585209328619484,65.71101378661432,23.838347761444624,0.2840153447039226,-0.958819734868193,1.0,0.0,0.0,0.0,5
24.617666915505968,51.06647413615069,23.883409325269906,-0.9588197348681928,-0.2840153447039235,1.0,0.0,0.0,0.0,5
25.24605506813944,44.00126925778411,15.044976794266471,-0.28401534470392353,0.9588197348681927,0.0,0.0,0.0,0.0,1
19.535818256249364,47.07096155352375,24.44978257531865,0.958819734868193,0.28401534470392253,0.0,0.0,0.0,0.0,1
23.354619691455184,61.71676457850693,32.65925741948925,0.2840153447039226,-0.958819734868193,1.0,0.0,0.0,0.0,5
21.63710913052394,65.04039267900522,36.61605910913957,-0.9588197348681928,-0.2840153447039235,1.0,0.0,0.0,0.0,5
25.666541036125224,61.05665025309625,24.471263756402905,-0.28401534470392353,0.9588197348681927,0.0,0.0,0.0,0.0,1
22.64573612445981,68.62353692542953,10.00664821394584,0.958819734868193,0.28401534470392253,0.0,0.0,0.0,0.0,1
26.45070622507396,54.47930465748247,39.75857180365893,0.2840153447039226,-0.958819734868193,1.0,0.0,0.0,0.0,5
29.92758245763273,60.81813330469643,39.48657505125007,-0.9588197348681928,-0.2840153447039235,1.0,0.0,0.0,0.0,7
21.02752407549561,55.40998981955614,29.08482906128001,-0.28401534470392353,0.9588197348681927,0.0,0.0,0.0,0.0,1
27.266180057440376,65.7517715065814,34.07464632907349,0.958819734868193,0.28401534470392253,0.0,0.0,0.0,0.0,1
24.05952551062927,68.57440183264592,34.58547124056389,0.2840153447039226,-0.958819734868193,1.0,0.0,0.0,0.0,5
26.8050389533123,56.51157705020505,34.07188088004592,-0.9588197348681928,-0.2840153447039235,1.0,0.0,0.0,0.0,5
24.812482401190287,64.69651032182773,22.254734124769755,-0.28401534470392353,0.9588197348681927,0.0,0.0,0.0,0.0,1
19.6451580848466,46.77953915033372,27.411208558375986,0.958819734868193,0.28401534470392253,0.0,0.0,0.0,0.0,1
28.0514985236794,59.05426107699255,36.90260256680483,0.2840153447039226,-0.958819734868193,1.0,0.0,0.0,0.0,7
20.550242455311288,52.81787046644688,15.860377674895126,-0.9588197348681928,-0.2840153447039235,1.0,0.0,0.0,0.0,5
26.693946847024336,61.9056616355226,38.4566797328688,-0.28401534470392353,0.9588197348681927,0.0,0.0,0.0,0.0,1
26.79237044951408,50.314644522324485,10.58658675882848,0.958819734868193,0.28401534470392253,0.0,0.0,0.0,0.0,1
23.76041968850245,48.86332709725632,22.524163355064417,0.2840153447039226,-0.958819734868193,1.0,0.0,0.0,0.0,5
28.51825431275831,46.68803806425563,10.193532418332584,-0.9588197348681928,-0.2840153447039235,1.0,0.0,0.0,0.0,7
26.263464768803388,54.396922080517456,12.910796527922985,-0.28401534470392353,0.9588197348681927,0.0,0.0,0.0,0.0,1
19.30232236780748,56.6619687944864,11.469630502201111,0.958819734868193,0.28401534470392253,0.0,0.0,0.0,0.0,1
29.649842016377104,49.61514842610544,18.77759045902716,0.2840153447039226,-0.958819734868193,1.0,0.0,0.0,0.0,7
25.174036154010743,56.87116472120457,28.602203415927583,-0.9588197348681928,-0.2840153447039235,1.0,0.0,0.0,0.0,5
27.671346259539437,44.87686495911154,12.136730472405016,-0.28401534470392353,0.9588197348681927,0.0,0.0,0.0,0.0,1
27.84781037741901,54.21948151178734,22.16618938496347,0.958819734868193,0.28401534470392253,0.0,0.0,0.0,0.0,1
26.35467139482083,47.448993166197255,35.15619552831355,0.2840153447039226,-0.958819734868193,1.0,0.0,0.0,0.0,5
19.02636528766163,46.3798453262705,16.74517532148672,-0.9588197348681928,-0.2840153447039235,1.0,0.0,0.0,0.0,5
28.924188523040808,62.4631423245276,20.719394386315543,-0.28401534470392353,0.9588197348681927,0.0,0.0,0.0,0.0,3
24.59086753416463,65.40311350540523,38.98352506324963,0.958819734868193,0.28401534470392253,0.0,0.0,0.0,0.0,1
22.39484493053528,63.38884686831776,24.93368235966176,0.2840153447039226,-0.958819734868193,1.0,0.0,0.0,0.0,5
28.25925883966232,56.41547048968119,14.18607537550398,-0.9588197348681928,-0.2840153447039235,1.0,0.0,0.0,0.0,7
20.89241816821868,42.143591282101,16.112975137626286,-0.28401534470392353,0.9588197348681927,0.0,0.0,0.0,0.0,1
23.963679744244487,59.01279153021402,22.995579557914446,0.958819734868193,0.28401534470392253,0.0,0.0,0.0,0.0,1
27.63574658714519,49.08300090591695,19.631331907531187,0.2840153447039226,-0.958819734868193,1.0,0.0,0.0,0.0,5
27.773634368081844,57.108657043381,33.13762387443259,-0.9588197348681928,-0.2840153447039235,1.0,0.0,0.0,0.0,5
26.38200318156893,43.17570226151594,31.366457836676133,-0.28401534470392353,0.9588197348681927,0.0,0.0,0.0,0.0,1
25.97099868774681,49.1686289374277,10.028565368441644,0.958819734868193,0.28401534470392253,0.0,0.0,0.0,0.0,1
27.64206446496,43.860123856832985,18.74619316474829,0.2840153447039226,-0.958819734868193,1.0,0.0,0.0,0.0,5
29.42271781666683,54.00408975838164,22.609029806949103,-0.9588197348681928,-0.2840153447039235,1.0,0.0,0.0,0.0,7
21.989919188323498,49.60316125161938,29.586901090390175,-0.28401534470392353,0.9588197348681927,0.0,0.0,0.0,0.0,1
19.84476845832268,67.37838261290406,35.96533407743337,0.958819734868193,0.28401534470392253,0.0,0.0,0.0,0.0,1
28.277884626165665,63.868846610972994,17.940157831150447,0.2840153447039226,-0.958819734868193,1.0,0.0,0.0,0.0,7
21.0887433788173,62.583945481668266,25.64270574173248,-0.9588197348681928,-0.2840153447039235,1.0,0.0,0.0,0.0,5
20.445877666165877,49.86545728860759,30.54910770079797,-0.28401534470392353,0.9588197348681927,0.0,0.0,0.0,0.0,1
29.76886673240844,65.53723644586992,15.195239874065742,0.958819734868193,0.28401534470392253,0.0,0.0,0.0,0.0,3
21.264337233556123,41.614102952454246,32.70938590655195,0.2840153447039226,-0.958819734868193,1.0,0.0,0.0,0.0,5
25.863326099289928,66.85158684529284,34.797798379709874,-0.9588197348681928,-0.2840153447039235,1.0,0.0,0.0,0.0,5
23.610865805789373,51.40699629845786,37.31486192625744,-0.28401534470392353,0.9588197348681927,0.0,0.0,0.0,0.0,1
22.309323133141906,60.87920837991653,24.050403057579796,0.958819734868193,0.28401534470392253,0.0,0.0,0.0,0.0,1
28.67844323556181,67.05965615941625,35.784998494675754,0.2840153447039226,-0.958819734868193,1.0,0.0,0.0,0.0,7
24.37812524592569,59.07564702871424,29.742697294510297,-0.9588197348681928,-0.2840153447039235,1.0,0.0,0.0,0.0,5
28.926328350272684,49.716602456697785,33.790192367628684,-0.28401534470392353,0.9588197348681927,0.0,0.0,0.0,0.0,3
18.25957795521995,59.26756223806533,11.608681349926188,0.958819734868193,0.28401534470392253,0.0,0.0,0.0,0.0,1
18.135782536742184,57.82819941190074,34.01058737498477,0.2840153447039226,-0.958819734868193,1.0,0.0,0.0,0.0,5
29.847585763994267,42.69031539384268,19.58667854696742,-0.9588197348681928,-0.2840153447039235,1.0,0.0,0.0,0.0,7
18.49106578771713,43.50325346963693,24.68782500830228,-0.28401534470392353,0.9588197348681927,0.0,0.0,0.0,0.0,1
18.40428465707564,47.47879863192898,39.38051399098416,0.958819734868193,0.28401534470392253,0.0,0.0,0.0,0.0,1
21.03089268393305,65.56950658977648,13.320835100213994,0.2840153447039226,-0.958819734868193,1.0,0.0,0.0,0.0,5
23.075260719723563,57.20073787747674,34.5409959447592,-0.9588197348681928,-0.2840153447039235,1.0,0.0,0.0,0.0,5
27.099370884121523,49.6921737110976,15.797167243422148,-0.28401534470392353,0.9588197348681927,0.0,0.0,0.0,0.0,1
18.053048548932825,40.03650884223092,16.795165450923232,0.958819734868193,0.28401534470392253,0.0,0.0,0.0,0.0,1
25.49975314216757,45.54737956426258,10.319315519508995,0.2840153447039226,-0.958819734868193,1.0,0.0,0.0,0.0,5
28.144808299013725,60.04383982463536,14.951276286240953,-0.9588197348681928,-0.2840153447039235,1.0,0.0,0.0,0.0,7
26.54475300640189,58.28359170233626,19.988562617921826,-0.28401534470392353,0.9588197348681927,0.0,0.0,0.0,0.0,1
20.377151040711333,68.48652574797728,30.147440021471663,0.958819734868193,0.28401534470392253,0.0,0.0,0.0,0.0,1
22.61460396827009,69.95761491331805,27.533651581124825,0.2840153447039226,-0.958819734868193,1.0,0.0,0.0,0.0,5
18.12534022332336,63.97162673707896,29.103327163064087,-0.9588197348681928,-0.2840153447039235,1.0,0.0,0.0,0.0,5
22.238133654671717,40.45824889142744,14.703892002175191,-0.28401534470392353,0.9588197348681927,0.0,0.0,0.0,0.0,1
26.60727889276105,53.3637411915618,13.72570588204214,0.958819734868193,0.28401534470392253,0.0,0.0,0.0,0.0,1
22.98764448789252,60.1580036326375,23.138560939512825,0.2840153447039226,-0.958819734868193,1.0,0.0,0.0,0.0,5
20.61219433585205,47.98083880955726,15.958447224554597,-0.9588197348681928,-0.2840153447039235,1.0,0.0,0.0,0.0,5
20.872397262943903,49.1249060874863,28.602514768502868,-0.28401534470392353,0.9588197348681927,0.0,0.0,0.0,0.0,1
21.32318340377263,57.28222284828414,20.470265543924405,0.958819734868193,0.28401534470392253,0.0,0.0,0.0,0.0,1
29.892503747045268,69.1231660105413,30.29305071470499,0.2840153447039226,-0.958819734868193,1.0,0.0,0.0,0.0,7
21.924605916443024,60.45462314019097,37.1662088686353,-0.9588197348681928,-0.2840153447039235,1.0,0.0,0.0,0.0,5
27.64655266283592,57.56473727231074,17.541740945190753,-0.28401534470392353,0.9588197348681927,0.0,0.0,0.0,0.0,1
18.127502537385677,59.79841792949088,34.69815534851111,0.958819734868193,0.28401534470392253,0.0,0.0,0.0,0.0,1
23.180434772304064,63.56098266260818,25.88569742011249,0.2840153447039226,-0.958819734868193,1.0,0.0,0.0,0.0,5
29.404762459594902,49.17665857601845,35.89380418158584,-0.9588197348681928,-0.2840153447039235,1.0,0.0,0.0,0.0,7
26.203061901724634,47.93864217283323,28.96551208840693,-0.28401534470392353,0.9588197348681927,0.0,0.0,0.0,0.0,1
21.209838752310183,50.272154846257024,33.99472319539875,0.958819734868193,0.28401534470392253,0.0,0.0,0.0,0.0,1
27.670405207386302,67.04994160721665,30.86479256776101,0.2840153447039226,-0.958819734868193,1.0,0.0,0.0,0.0,5
18.20101032858957,68.11949036914638,11.067290323506931,-0.9588197348681928,-0.2840153447039235,1.0,0.0,0.0,0.0,5
26.156532226433647,64.57358132263599,34.5573641383324,-0.28401534470392353,0.9588197348681927,0.0,0.0,0.0,0.0,1
19.342661366100057,40.41413731227395,12.822089364628466,0.958819734868193,0.28401534470392253,0.0,0.0,0.0,0.0,1
20.183308352646343,63.78696912933127,31.792432474898423,0.2840153447039226,-0.958819734868193,1.0,0.0,0.0,0.0,5
23.750864537169296,53.051490908641256,10.87169388863537,-0.9588197348681928,-0.2840153447039235,1.0,0.0,0.0,0.0,5
20.27719550326472,54.4360171932648,39.81537877736045,-0.28401534470392353,0.9588197348681927,0.0,0.0,0.0,0.0,1
22.800224046292197,47.57711933436642,16.513107609263493,0.958819734868193,0.28401534470392253,0.0,0.0,0.0,0.0,1
25.16401592650561,61.90244835584407,33.42878626539136,0.2840153447039226,-0.958819734868193,1.0,0.0,0.0,0.0,5
18.944064076539053,48.54999538969104,35.779519181681586,-0.9588197348681928,-0.2840153447039235,1.0,0.0,0.0,0.0,5
23.741204297666428,58.678178322074864,14.883829576556202,-0.28401534470392353,0.9588197348681927,0.0,0.0,0.0,0.0,1
23.8490424707091,42.49224471090318,16.471342643325897,0.958819734868193,0.28401534470392253,0.0,0.0,0.0,0.0,1
22.15555925126734,50.10871095474499,30.93850743708935,0.2840153447039226,-0.958819734868193,1.0,0.0,0.0,0.0,5
27.223998247519688,55.71638951186255,23.801014772431245,-0.9588197348681928,-0.2840153447039235,1.0,0.0,0.0,0.0,5
23.359397692155326,50.68543570879264,26.509914548003103,-0.28401534470392353,0.9588197348681927,0.0,0.0,0.0,0.0,1
29.61533443665089,55.32340373040741,17.543720292112745,0.958819734868193,0.28401534470392253,0.0,0.0,0.0,0.0,3
24.75656503749171,53.02385221829469,22.601253827488133,0.2840153447039226,-0.958819734868193,1.0,0.0,0.0,0.0,5
23.273012573950552,48.3928765501466,22.46982431518576,-0.9588197348681928,-0.2840153447039235,1.0,0.0,0.0,0.0,5
23.136583346647527,67.25303165525801,35.15967302685884,-0.28401534470392353,0.9588197348681927,0.0,0.0,0.0,0.0,1
19.77743984678868,55.38083841328934,38.52978388496604,0.958819734868193,0.28401534470392253,0.0,0.0,0.0,0.0,1
27.400061960134632,68.89670771168072,17.082174246601273,0.2840153447039226,-0.958819734868193,1.0,0.0,0.0,0.0,5
28.079433699047215,68.95140046895996,27.67889812323429,-0.9588197348681928,-0.2840153447039235,1.0,0.0,0.0,0.0,7
23.348342073135942,42.49724604309581,12.239851449822886,-0.28401534470392353,0.9588197348681927,0.0,0.0,0.0,0.0,1
29.853814487367117,68.47839349600287,20.219140830197283,0.958819734868193,0.28401534470392253,0.0,0.0,0.0,0.0,3
20.97468763583795,59.04776578791841,14.097516577257322,0.2840153447039226,-0.958819734868193,1.0,0.0,0.0,0.0,5
22.38561846145602,42.01805878689924,21.53198265260537,-0.9588197348681928,-0.2840153447039235,1.0,0.0,0.0,0.0,5
23.861841923419817,68.69170161897907,21.81144120203848,-0.28401534470392353,0.9588197348681927,0.0,0.0,0.0,0.0,1
26.36705310009895,51.77738892421921,16.76889246365232,0.958819734868193,0.28401534470392253,0.0,0.0,0.0,0.0,1
26.51255201443536,41.54937003305076,13.709100894356384,0.2840153447039226,-0.958819734868193,1.0,0.0,0.0,0.0,5
21.07661241690021,61.26476133573867,25.05581630648805,-0.9588197348681928,-0.2840153447039235,1.0,0.0,0.0,0.0,5
27.64657278557868,44.89396172287345,26.814699067724824,-0.28401534470392353,0.9588197348681927,0.0,0.0,0.0,0.0,1
27.884897914470717,68.46126008396114,14.751969884977978,0.958819734868193,0.28401534470392253,0.0,0.0,0.0,0.0,1
23.78484024790752,55.82465214480951,39.80327969182172,0.2840153447039226,-0.958819734868193,1.0,0.0,0.0,0.0,5
24.70454105685106,60.76173837213659,39.99316429183982,-0.9588197348681928,-0.2840153447039235,1.0,0.0,0.0,0.0,5
26.572576635900425,60.104673364773255,15.389266375061638,-0.28401534470392353,0.9588197348681927,0.0,0.0,0.0,0.0,1
20.303201209945307,61.52274340119382,26.744091404277505,0.958819734868193,0.28401534470392253,0.0,0.0,0.0,0.0,1
25.018482527542005,41.19037282096416,12.198116656526214,0.2840153447039226,-0.958819734868193,1.0,0.0,0.0,0.0,5
21.929531372818765,55.41326115780112,27.10336045758168,-0.9588197348681928,-0.2840153447039235,1.0,0.0,0.0,0.0,5
18.24481032899132,67.75696271024665,17.343167948022018,-0.28401534470392353,0.9588197348681927,0.0,0.0,0.0,0.0,1
28.8618876871768,44.02207061265125,19.721042306082712,0.958819734868193,0.28401534470392253,0.0,0.0,0.0,0.0,3
27.93455176190445,53.81544599844603,24.793877859755423,0.2840153447039226,-0.958819734868193,1.0,0.0,0.0,0.0,5
28.08196871394749,66.3944496122957,24.45175050695332,-0.9588197348681928,-0.2840153447039235,1.0,0.0,0.0,0.0,7
28.305780063822567,62.48807401266016,29.279621481707057,-0.28401534470392353,0.9588197348681927,0.0,0.0,0.0,0.0,3
24.814788786171285,44.43553232791064,26.52221752294001,0.958819734868193,0.28401534470392253,0.0,0.0,0.0,0.0,1
21.13752986840653,42.797622999810486,31.90207586569718,0.2840153447039226,-0.958819734868193,1.0,0.0,0.0,0.0,5
20.80113855757491,68.08366250451131,39.803761702082525,-0.9588197348681928,-0.2840153447039235,1.0,0.0,0.0,0.0,5
21.59102080238345,50.29084868742994,27.49251498549405,-0.28401534470392353,0.9588197348681927,0.0,0.0,0.0,0.0,1
18.40859211908552,65.8872098189753,24.41479733928459,0.958819734868193,0.28401534470392253,0.0,0.0,0.0,0.0,1
26.396004792930995,56.411318870965495,29.505962275989077,0.2840153447039226,-0.958819734868193,1.0,0.0,0.0,0.0,5
24.24793007546472,41.00893286192989,14.702177683462912,-0.9588197348681928,-0.2840153447039235,1.0,0.0,0.0,0.0,5
29.804353298835075,60.88808276884467,15.176912137471364,-0.28401534470392353,0.9588197348681927,0.0,0.0,0.0,0.0,3
22.307350813694228,52.39053415261037,16.67688110642421,0.958819734868193,0.28401534470392253,0.0,0.0,0.0,0.0,1
18.364319315654903,55.27379825612764,32.472032761376184,0.2840153447039226,-0.958819734868193,1.0,0.0,0.0,0.0,5
18.854855467523272,43.03598651565048,16.129749710791046,-0.9588197348681928,-0.2840153447039235,1.0,0.0,0.0,0.0,5
24.971698040975767,55.734967024122,35.560655387222845,-0.28401534470392353,0.9588197348681927,0.0,0.0,0.0,0.0,1
27.70626567411113,48.91204978139061,19.26952870700148,0.958819734868193,0.28401534470392253,0.0,0.0,0.0,0.0,1
26.21646401583859,56.60399460558602,34.49666680594279,0.2840153447039226,-0.958819734868193,1.0,0.0,0.0,0.0,5
21.71711731527602,55.13246409620664,24.64079142431518,-0.9588197348681928,-0.2840153447039235,1.0,0.0,0.0,0.0,5
27.739038207106063,52.31616249520374,30.926515501389115,-0.28401534470392353,0.9588197348681927,0.0,0.0,0.0,0.0,1
26.63462474763096,62.456892616368926,32.497917233204625,0.958819734868193,0.28401534470392253,0.0,0.0,0.0,0.0,1
20.333346763478666,44.08544911337604,29.061524033989677,0.2840153447039226,-0.958819734868193,1.0,0.0,0.0,0.0,5
21.000406486054395,44.757848978176725,34.41405900206404,-0.9588197348681928,-0.2840153447039235,1.0,0.0,0.0,0.0,5
22.09708557343285,68.77392111344858,18.092343214476443,-0.28401534470392353,0.9588197348681927,0.0,0.0,0.0,0.0,1
21.81127739257719,40.74273870134122,39.10925453056396,0.958819734868193,0.28401534470392253,0.0,0.0,0.0,0.0,1
18.805022053245143,43.283502502489256,20.09348779652611,0.2840153447039226,-0.958819734868193,1.0,0.0,0.0,0.0,5
27.082269894565115,46.55364732294887,28.11384814887601,-0.9588197348681928,-0.2840153447039235,1.0,0.0,0.0,0.0,5
29.363814162134155,44.898332692660624,34.22368280155712,-0.28401534470392353,0.9588197348681927,0.0,0.0,0.0,0.0,3
25.02338550668557,68.18989439101651,38.10684645128509,0.958819734868193,0.28401534470392253,0.0,0.0,0.0,0.0,1
23.67083879225783,59.23312590388898,34.91057130339276,0.2840153447039226,-0.958819734868193,1.0,0.0,0.0,0.0,5
23.122436655551013,45.89838896713536,27.71162050776593,-0.9588197348681928,-0.2840153447039235,1.0,0.0,0.0,0.0,5
19.191274699960868,68.23493134881126,30.08785154974036,-0.28401534470392353,0.9588197348681927,0.0,0.0,0.0,0.0,1
21.245879418758545,51.84427845346411,25.71346506417539,0.958819734868193,0.28401534470392253,0.0,0.0,0.0,0.0,1
28.88508597424912,40.84667030369534,14.437749384865866,0.2840153447039226,-0.958819734868193,1.0,0.0,0.0,0.0,7
19.164109039275864,43.54280286551794,31.236455692844924,-0.9588197348681928,-0.2840153447039235,1.0,0.0,0.0,0.0,5
28.718421977888227,65.52200095250356,27.137123282456844,-0.28401534470392353,0.9588197348681927,0.0,0.0,0.0,0.0,3
26.700656016920533,50.340842086274975,21.47420270119389,0.958819734868193,0.28401534470392253,0.0,0.0,0.0,0.0,1
22.361147723410856,54.20265089134059,21.51789851696204,0.2840153447039226,-0.958819734868193,1.0,0.0,0.0,0.0,5
19.28693162560013,58.05304239178656,26.951560980176705,-0.9588197348681928,-0.2840153447039235,1.0,0.0,0.0,0.0,5
28.264653397412854,48.51138635454746,16.2169833442465,-0.28401534470392353,0.9588197348681927,0.0,0.0,0.0,0.0,3
21.478290811620425,42.96958683824664,20.340380060647423,0.958819734868193,0.28401534470392253,0.0,0.0,0.0,0.0,1
23.88035578356341,63.48636727622146,38.35694973193055,0.2840153447039226,-0.958819734868193,1.0,0.0,0.0,0.0,5
20.08708297657417,50.442763954401855,21.16125482664105,-0.9588197348681928,-0.2840153447039235,1.0,0.0,0.0,0.0,5
20.713601012502263,68.87024886362363,20.712395749650742,-0.28401534470392353,0.9588197348681927,0.0,0.0,0.0,0.0,1
18.78936407542508,45.89170773018331,20.890230283605703,0.958819734868193,0.28401534470392253,0.0,0.0,0.0,0.0,1
20.710924242956324,41.205312635878016,16.37874096254101,0.2840153447039226,-0.958819734868193,1.0,0.0,0.0,0.0,5
22.902569662042097,51.24363874415986,27.99090238876756,-0.9588197348681928,-0.2840153447039235,1.0,0.0,0.0,0.0,5
19.85007998937201,40.9773191540589,20.284680316031302,-0.28401534470392353,0.9588197348681927,0.0,0.0,0.0,0.0,1
19.441023430748835,63.81838744449162,38.77521209318965,0.958819734868193,0.28401534470392253,0.0,0.0,0.0,0.0,1
23.162123368366466,53.28992989820915,35.6215574478331,0.2840153447039226,-0.958819734868193,1.0,0.0,0.0,0.0,5
26.099128316866008,55.61488844082476,24.266531010260096,-0.9588197348681928,-0.2840153447039235,1.0,0.0,0.0,0.0,5
18.632482674201388,44.8756320195412,37.50097507911451,-0.28401534470392353,0.9588197348681927,0.0,0.0,0.0,0.0,1
21.1683518356561,48.236304614864,19.84115482592574,0.958819734868193,0.28401534470392253,0.0,0.0,0.0,0.0,1
19.316154793080383,55.19299300347657,38.349382005521136,0.2840153447039226,-0.958819734868193,1.0,0.0,0.0,0.0,5
24.17160075110194,45.79778262265696,11.45418044690241,-0.9588197348681928,-0.2840153447039235,1.0,0.0,0.0,0.0,5
19.6740077198625,47.3183293766754,17.59267237706085,-0.28401534470392353,0.9588197348681927,0.0,0.0,0.0,0.0,1
19.87918915823289,64.26342616415356,38.74429881852976,0.958819734868193,0.28401534470392253,0.0,0.0,0.0,0.0,1
20.368495471589103,56.67194053364494,13.79584140776892,0.2840153447039226,-0.958819734868193,1.0,0.0,0.0,0.0,5
18.79069763428057,62.4006332058997,31.510152793500048,-0.9588197348681928,-0.2840153447039235,1.0,0.0,0.0,0.0,5
29.42214059866742,43.45545138845917,32.58382929158407,-0.28401534470392353,0.9588197348681927,0.0,0.0,0.0,0.0,3
20.117912036064464,42.90008913804274,36.16566585872414,0.958819734868193,0.28401534470392253,0.0,0.0,0.0,0.0,1
25.504700829881543,49.84935459714135,35.565214100863244,0.2840153447039226,-0.958819734868193,1.0,0.0,0.0,0.0,5
29.546561636391868,43.92968782886971,33.30521631059193,-0.9588197348681928,-0.2840153447039235,1.0,0.0,0.0,0.0,7
25.30376548183717,41.383890738528,23.066438506885294,-0.28401534470392353,0.9588197348681927,0.0,0.0,0.0,0.0,1
29.058970969286843,42.62616731269477,19.048093175837824,0.958819734868193,0.28401534470392253,0.0,0.0,0.0,0.0,3
27.327770012585667,67.5889241631087,15.990868645005907,0.2840153447039226,-0.958819734868193,1.0,0.0,0.0,0.0,5
19.40636507401437,42.744506538255656,20.19105884948883,-0.9588197348681928,-0.2840153447039235,1.0,0.0,0.0,0.0,5
20.13941544184689,47.40627037489254,33.746886603897075,-0.28401534470392353,0.9588197348681927,0.0,0.0,0.0,0.0,1
27.05110445962106,61.22909813221341,27.29433740374107,0.958819734868193,0.28401534470392253,0.0,0.0,0.0,0.0,1
27.488226243715253,59.01637785174816,38.396003063036446,0.2840153447039226,-0.958819734868193,1.0,0.0,0.0,0.0,5
22.271906052945194,47.02464634373679,15.75546083182685,-0.9588197348681928,-0.2840153447039235,1.0,0.0,0.0,0.0,5
18.98822850970507,61.1712191294302,34.304911204556475,-0.28401534470392353,0.9588197348681927,0.0,0.0,0.0,0.0,1
26.135209979270343,47.48949247276408,38.42145066193225,0.958819734868193,0.28401534470392253,0.0,0.0,0.0,0.0,1
29.86437625615153,45.92787098565108,37.7730804164073,0.2840153447039226,-0.958819734868193,1.0,0.0,0.0,0.0,7
28.78277695999905,52.36563029899266,19.795701543519684,-0.9588197348681928,-0.2840153447039235,1.0,0.0,0.0,0.0,7
27.743237486524684,64.56829998150263,37.82916237779617,-0.28401534470392353,0.9588197348681927,0.0,0.0,0.0,0.0,1
28.948679295813896,41.39586889313503,36.10212163400695,0.958819734868193,0.28401534470392253,0.0,0.0,0.0,0.0,3
26.54146191467681,59.13771390142165,24.125803279384613,0.2840153447039226,-0.958819734868193,1.0,0.0,0.0,0.0,5
24.157328053183505,59.3507957969481,11.793860267264616,-0.9588197348681928,-0.2840153447039235,1.0,0.0,0.0,0.0,5
23.07490238718296,53.311683828686526,33.17413091356664,-0.28401534470392353,0.9588197348681927,0.0,0.0,0.0,0.0,1
23.62381868575168,49.98346259911423,36.041454272666485,0.958819734868193,0.28401534470392253,0.0,0.0,0.0,0.0,1
24.487180100279165,54.19791252431522,31.775297470317277,0.2840153447039226,-0.958819734868193,1.0,0.0,0.0,0.0,5
24.580308439391807,65.49730753219715,21.213983300885825,-0.9588197348681928,-0.2840153447039235,1.0,0.0,0.0,0.0,5
19.69479332461048,53.21953020867748,32.147019352336265,-0.28401534470392353,0.9588197348681927,0.0,0.0,0.0,0.0,1
19.071294042830512,51.17500786670016,32.301927839172095,0.958819734868193,0.28401534470392253,0.0,0.0,0.0,0.0,1
29.206003328824547,44.11424826601051,14.189129421977372,0.2840153447039226,-0.958819734868193,1.0,0.0,0.0,0.0,7
18.40829308992057,66.36099604800128,14.025234683530304,-0.9588197348681928,-0.2840153447039235,1.0,0.0,0.0,0.0,5
28.04543068212501,41.99690143623887,18.810448646630576,-0.28401534470392353,0.9588197348681927,0.0,0.0,0.0,0.0,3
21.001422405731404,41.16666291633484,29.47747621446141,0.958819734868193,0.28401534470392253,0.0,0.0,0.0,0.0,1
29.882130064125796,53.47142762327118,39.50894897498591,0.2840153447039226,-0.958819734868193,1.0,0.0,0.0,0.0,7
24.364529508265083,64.98032543292956,39.30707509683876,-0.9588197348681928,-0.2840153447039235,1.0,0.0,0.0,0.0,5
24.260198527677574,69.10652885969728,31.03425571780273,-0.28401534470392353,0.9588197348681927,0.0,0.0,0.0,0.0,1
28.733524765331715,57.309071338316414,13.87051150902354,0.958819734868193,0.28401534470392253,0.0,0.0,0.0,0.0,3
19.79592701335421,49.36731390847292,39.70746644962208,0.2840153447039226,-0.958819734868193,1.0,0.0,0.0,0.0,5
18.40583713245405,48.977970898200105,26.96429639624104,-0.9588197348681928,-0.2840153447039235,1.0,0.0,0.0,0.0,5
22.95491285896926,56.57792634847591,11.052549599511009,-0.28401534470392353,0.9588197348681927,0.0,0.0,0.0,0.0,1
22.62435908487424,52.85110003095245,17.970898065064944,0.958819734868193,0.28401534470392253,0.0,0.0,0.0,0.0,1
26.606931827455117,65.34140331387592,25.695368771217147,0.2840153447039226,-0.958819734868193,1.0,0.0,0.0,0.0,5
20.162322975562745,63.81060086990351,12.850848397616762,-0.9588197348681928,-0.2840153447039235,1.0,0.0,0.0,0.0,5
19.887518467694548,54.50467778601779,12.749208762382723,-0.28401534470392353,0.9588197348681927,0.0,0.0,0.0,0.0,1
20.31553915890642,43.932604562385855,35.05507525668277,0.958819734868193,0.28401534470392253,0.0,0.0,0.0,0.0,1
27.276616705100423,53.30884827744024,32.84930587852469,0.2840153447039226,-0.958819734868193,1.0,0.0,0.0,0.0,5
28.48947292386463,50.83760153369797,23.53607508745579,-0.9588197348681928,-0.2840153447039235,1.0,0.0,0.0,0.0,7
25.34454976038309,66.86063387981528,20.954004774430057,-0.28401534470392353,0.9588197348681927,0.0,0.0,0.0,0.0,1
27.76741214921585,64.27561696745289,33.137946468512666,0.958819734868193,0.28401534470392253,0.0,0.0,0.0,0.0,1
25.398143735250613,67.93844260967333,17.81713741254541,0.2840153447039226,-0.958819734868193,1.0,0.0,0.0,0.0,5
19.415655609444435,53.24297343432826,13.562057884334443,-0.9588197348681928,-0.2840153447039235,1.0,0.0,0.0,0.0,5
28.05751851430973,61.93497485764927,34.07288912499407,-0.28401534470392353,0.9588197348681927,0.0,0.0,0.0,0.0,3
26.64648228115124,52.8844810215806,23.68048585114806,0.958819734868193,0.28401534470392253,0.0,0.0,0.0,0.0,1
22.793893257753787,65.10121386457115,15.740676818643449,0.2840153447039226,-0.958819734868193,1.0,0.0,0.0,0.0,5
19.708975003370448,47.66447588820837,20.49248993986595,-0.9588197348681928,-0.2840153447039235,1.0,0.0,0.0,0.0,5
18.351789675547867,51.999425817701685,17.911583329658015,-0.28401534470392353,0.9588197348681927,0.0,0.0,0.0,0.0,1
21.58461405492053,46.243710255310944,14.20253260765136,0.958819734868193,0.28401534470392253,0.0,0.0,0.0,0.0,1
22.078230870608863,56.2715949145608,38.18660240244961,0.2840153447039226,-0.958819734868193,1.0,0.0,0.0,0.0,5
19.84505404347043,67.89495155737131,33.850874444554734,-0.9588197348681928,-0.2840153447039235,1.0,0.0,0.0,0.0,5
19.392999865367567,54.18289256316383,20.006722952528573,-0.28401534470392353,0.9588197348681927,0.0,0.0,0.0,0.0,1
29.578122850912028,60.99495597424654,18.216127132462734,0.958819734868193,0.28401534470392253,0.0,0.0,0.0,0.0,3
29.539475149706504,54.75283657744216,10.94941265142379,0.2840153447039226,-0.958819734868193,1.0,0.0,0.0,0.0,7
19.28243887536378,55.835029213823056,17.137901858237747,-0.9588197348681928,-0.2840153447039235,1.0,0.0,0.0,0.0,5
19.521249183328667,49.31606512769098,39.86435130865851,-0.28401534470392353,0.9588197348681927,0.0,0.0,0.0,0.0,1
22.26252292750865,52.82061130672563,13.4246434010978,0.958819734868193,0.28401534470392253,0.0,0.0,0.0,0.0,1
18.674154275125755,40.740830112966535,24.65515778760201,0.2840153447039226,-0.958819734868193,1.0,0.0,0.0,0.0,5
18.0923634010805,43.80787576636147,18.210790950852854,-0.9588197348681928,-0.2840153447039235,1.0,0.0,0.0,0.0,5
20.885892575052463,52.077608672504624,16.8681652103828,-0.28401534470392353,0.9588197348681927,0.0,0.0,0.0,0.0,1
25.886993420146396,59.80225950048828,34.98295649999848,0.958819734868193,0.28401534470392253,0.0,0.0,0.0,0.0,1
26.0822711610856,64.66309890561062,36.99742083044221,0.2840153447039226,-0.958819734868193,1.0,0.0,0.0,0.0,5
25.0290944568577,52.0819021502606,37.425138586268105,-0.9588197348681928,-0.2840153447039235,1.0,0.0,0.0,0.0,5
21.394530241706235,56.621345620384105,10.030578287226325,-0.28401534470392353,0.9588197348681927,0.0,0.0,0.0,0.0,1
25.90846133475245,44.33157239722468,11.253877038455188,0.958819734868193,0.28401534470392253,0.0,0.0,0.0,0.0,1
23.900931053865712,56.75332719354347,17.372453409064732,0.2840153447039226,-0.958819734868193,1.0,0.0,0.0,0.0,5
25.149520159034005,55.252011529165785,30.45717954705431,-0.9588197348681928,-0.2840153447039235,1.0,0.0,0.0,0.0,5
21.64391699850596,44.63954592526696,25.56142941338361,-0.28401534470392353,0.9588197348681927,0.0,0.0,0.0,0.0,1
20.808932254696767,46.01336903105988,18.76855802767217,0.958819734868193,0.28401534470392253,0.0,0.0,0.0,0.0,1
27.636307117863787,53.72692232282216,22.721124231831727,0.2840153447039226,-0.958819734868193,1.0,0.0,0.0,0.0,5
29.059814024600747,67.46120221733929,20.655189182961717,-0.9588197348681928,-0.2840153447039235,1.0,0.0,0.0,0.0,7
22.804318890993702,69.45533323103147,13.580928583212492,-0.28401534470392353,0.9588197348681927,0.0,0.0,0.0,0.0,1
18.929518652041832,66.48929834508445,10.91678708388802,0.958819734868193,0.28401534470392253,0.0,0.0,0.0,0.0,1
20.291288987442883,53.839466974308834,14.3123763329995,0.2840153447039226,-0.958819734868193,1.0,0.0,0.0,0.0,5
27.5888040910142,49.732822478849485,21.24586883938681,-0.9588197348681928,-0.2840153447039235,1.0,0.0,0.0,0.0,5
28.61166292487813,53.4256418780074,14.17456543738514,-0.28401534470392353,0.9588197348681927,0.0,0.0,0.0,0.0,3
26.95605961773724,55.98084301301687,22.75777620727145,0.958819734868193,0.28401534470392253,0.0,0.0,0.0,0.0,1
21.987361592613265,44.67073823048686,20.64754694619873,0.2840153447039226,-0.958819734868193,1.0,0.0,0.0,0.0,5
23.976411602813247,62.1081947051273,39.34483741332704,-0.9588197348681928,-0.2840153447039235,1.0,0.0,0.0,0.0,5
27.46697970243636,62.423790424664006,28.569826298039423,-0.28401534470392353,0.9588197348681927,0.0,0.0,0.0,0.0,1
18.94693777117949,41.4833972025311,19.8162295996742,0.958819734868193,0.28401534470392253,0.0,0.0,0.0,0.0,1
22.36241695632983,64.38755197882037,31.974364187272197,0.2840153447039226,-0.958819734868193,1.0,0.0,0.0,0.0,5
29.380990311935545,40.07180657924049,29.20622236358339,-0.9588197348681928,-0.2840153447039235,1.0,0.0,0.0,0.0,7
23.474478895684904,49.2449327000416,17.10164028616733,-0.28401534470392353,0.9588197348681927,0.0,0.0,0.0,0.0,1
22.96551623885476,56.50101605194311,26.95788131166737,0.958819734868193,0.28401534470392253,0.0,0.0,0.0,0.0,1
22.476495906354597,57.998508894471385,36.91157456542895,0.2840153447039226,-0.958819734868193,1.0,0.0,0.0,0.0,5
18.387262037192787,59.14488697650526,15.854836363097585,-0.9588197348681928,-0.2840153447039235,1.0,0.0,0.0,0.0,5
22.72813238406273,57.90572658000856,37.64865244240539,-0.28401534470392353,0.9588197348681927,0.0,0.0,0.0,0.0,1
23.14461484019444,40.44367094691631,16.862590388611586,0.958819734868193,0.28401534470392253,0.0,0.0,0.0,0.0,1
26.14977535027989,57.73483620848819,23.057456363703004,0.2840153447039226,-0.958819734868193,1.0,0.0,0.0,0.0,5
22.20111002386087,42.21911424496993,23.99232383593489,-0.9588197348681928,-0.2840153447039235,1.0,0.0,0.0,0.0,5
20.740116174889263,45.90712579278003,28.20153291811213,-0.28401534470392353,0.9588197348681927,0.0,0.0,0.0,0.0,1
26.47202802045852,68.09236843805515,12.164192834224796,0.958819734868193,0.28401534470392253,0.0,0.0,0.0,0.0,1
26.203968850806504,54.86772977657471,16.78071924760308,0.2840153447039226,-0.958819734868193,1.0,0.0,0.0,0.0,5
24.218647840876788,62.39459932945118,24.92793626699585,-0.9588197348681928,-0.2840153447039235,1.0,0.0,0.0,0.0,5
23.774853279033188,67.78802626450648,19.895129335807265,-0.28401534470392353,0.9588197348681927,0.0,0.0,0.0,0.0,1
23.038623329895337,61.12525550489951,26.076823895152884,0.958819734868193,0.28401534470392253,0.0,0.0,0.0,0.0,1
20.667180131487346,40.47599106922667,39.08853028899861,0.2840153447039226,-0.958819734868193,1.0,0.0,0.0,0.0,5
26.250761032790543,44.34547820463625,29.795158453206625,-0.9588197348681928,-0.2840153447039235,1.0,0.0,0.0,0.0,5
25.20618427812127,63.88637241284427,18.89836832717932,-0.28401534470392353,0.9588197348681927,0.0,0.0,0.0,0.0,1
23.20080737079243,60.47489543128862,36.026850037225245,0.958819734868193,0.28401534470392253,0.0,0.0,0.0,0.0,1
21.826518749189532,57.32459130641696,22.737603744250528,0.2840153447039226,-0.958819734868193,1.0,0.0,0.0,0.0,5
27.952161528521547,68.84987106325642,36.53067067176212,-0.9588197348681928,-0.2840153447039235,1.0,0.0,0.0,0.0,5
26.747166931548296,55.34932723364168,13.616084617382253,-0.28401534470392353,0.9588197348681927,0.0,0.0,0.0,0.0,1
25.452533741800377,46.21463154359895,33.73088999591877,0.958819734868193,0.28401534470392253,0.0,0.0,0.0,0.0,1
26.076363742518645,66.6135615016435,30.14787881059421,0.2840153447039226,-0.958819734868193,1.0,0.0,0.0,0.0,5
24.837114392249628,62.74501867195082,34.54065637170403,-0.9588197348681928,-0.2840153447039235,1.0,0.0,0.0,0.0,5
23.578097696929454,57.8616346470328,16.709351880962068,-0.28401534470392353,0.9588197348681927,0.0,0.0,0.0,0.0,1
28.67084093374283,45.01093445350015,17.961666163643805,0.958819734868193,0.28401534470392253,0.0,0.0,0.0,0.0,3
26.370638265469225,68.85349312780603,30.757445621377894,0.2840153447039226,-0.958819734868193,1.0,0.0,0.0,0.0,5
24.39824319686491,47.70523145482161,24.716626817712637,-0.9588197348681928,-0.2840153447039235,1.0,0.0,0.0,0.0,5
27.980781459911213,67.3673876265072,14.76716991144764,-0.28401534470392353,0.9588197348681927,0.0,0.0,0.0,0.0,1
18.44473870089228,45.52421447901231,33.06598448157135,0.958819734868193,0.28401534470392253,0.0,0.0,0.0,0.0,1
23.98556097259153,65.36774907401407,35.9418726113833,0.2840153447039226,-0.958819734868193,1.0,0.0,0.0,0.0,5
19.489481511520044,52.519804866450514,36.46511955494096,-0.9588197348681928,-0.2840153447039235,1.0,0.0,0.0,0.0,5
25.53393596473046,65.02875131784558,16.931947613351287,-0.28401534470392353,0.9588197348681927,0.0,0.0,0.0,0.0,1
26.416832498056408,45.77557719372468,38.40752886237527,0.958819734868193,0.28401534470392253,0.0,0.0,0.0,0.0,1
22.42084888556519,48.85011898797735,19.76739303643651,0.2840153447039226,-0.958819734868193,1.0,0.0,0.0,0.0,5
20.37726179507702,46.32721356313331,11.32359597438517,-0.9588197348681928,-0.2840153447039235,1.0,0.0,0.0,0.0,5
19.41494143371917,43.52843574403012,28.97680394775586,-0.28401534470392353,0.9588197348681927,0.0,0.0,0.0,0.0,1
23.235971238299616,63.350215088986566,17.33883894946748,0.958819734868193,0.28401534470392253,0.0,0.0,0.0,0.0,1
18.27052555377465,55.20472675599423,16.47887259941307,0.2840153447039226,-0.958819734868193,1.0,0.0,0.0,0.0,5
18.308489734152705,66.15276948417649,24.088417131057057,-0.9588197348681928,-0.2840153447039235,1.0,0.0,0.0,0.0,5
22.230756264001027,68.14337467031999,34.99710056083186,-0.28401534470392353,0.9588197348681927,0.0,0.0,0.0,0.0,1
20.58821917589153,66.8068771585026,17.979115963776877,0.958819734868193,0.28401534470392253,0.0,0.0,0.0,0.0,1
23.711599418071067,54.88463421696628,31.45225415213133,0.2840153447039226,-0.958819734868193,1.0,0.0,0.0,0.0,5
18.33082213883832,49.45756106163742,39.31233521742151,-0.9588197348681928,-0.2840153447039235,1.0,0.0,0.0,0.0,5
29.50617035135421,47.26491898264633,22.181064376427443,-0.28401534470392353,0.9588197348681927,0.0,0.0,0.0,0.0,3
18.114774810970776,51.88117240740857,38.27174733713878,0.958819734868193,0.28401534470392253,0.0,0.0,0.0,0.0,1
27.916207837194086,40.84102031645738,15.532981849919578,0.2840153447039226,-0.958819734868193,1.0,0.0,0.0,0.0,5
27.45088332832881,65.01233471802544,26.98677768094917,-0.9588197348681928,-0.2840153447039235,1.0,0.0,0.0,0.0,5
23.667254634082127,65.51249100870979,30.0982954578349,-0.28401534470392353,0.9588197348681927,0.0,0.0,0.0,0.0,1
22.678806021653106,54.20429004479071,24.773453359386146,0.958819734868193,0.28401534470392253,0.0,0.0,0.0,0.0,1
20.037777261749525,57.15604397894117,29.52705598894505,0.2840153447039226,-0.958819734868193,1.0,0.0,0.0,0.0,5
22.273676492918728,69.47528043391853,39.94792822892846,-0.9588197348681928,-0.2840153447039235,1.0,0.0,0.0,0.0,5
20.345148824875487,43.6625977397188,37.7938392299825,-0.28401534470392353,0.9588197348681927,0.0,0.0,0.0,0.0,1
20.8428288835042,52.721617190228365,38.58671662565212,0.958819734868193,0.28401534470392253,0.0,0.0,0.0,0.0,1
22.982581859214772,58.48126004435724,39.13113107850843,0.2840153447039226,-0.958819734868193,1.0,0.0,0.0,0.0,5
25.358468982598183,63.350478468685054,29.14523148506785,-0.9588197348681928,-0.2840153447039235,1.0,0.0,0.0,0.0,5
27.073742840384607,43.87739155537815,15.3759586993957,-0.28401534470392353,0.9588197348681927,0.0,0.0,0.0,0.0,1
23.8469400104054,61.88498556245594,32.213809375637155,0.958819734868193,0.28401534470392253,0.0,0.0,0.0,0.0,1
29.94930324357211,53.11456379771927,24.209734740135914,0.2840153447039226,-0.958819734868193,1.0,0.0,0.0,0.0,7
28.750682755723894,51.0543890237493,27.17723376246665,-0.9588197348681928,-0.2840153447039235,1.0,0.0,0.0,0.0,7
19.46064917702977,50.28441238066613,38.52574911263104,-0.28401534470392353,0.9588197348681927,0.0,0.0,0.0,0.0,1
21.274797521018623,57.01749128169629,10.016725888982696,0.958819734868193,0.28401534470392253,0.0,0.0,0.0,0.0,1
25.140226759058493,63.42961592118159,11.464341956602,0.2840153447039226,-0.958819734868193,1.0,0.0,0.0,0.0,5
25.58211276373393,53.782306545703854,16.21250300148311,-0.9588197348681928,-0.2840153447039235,1.0,0.0,0.0,0.0,5
28.251973720535275,48.82467834648232,31.18825664730048,-0.28401534470392353,0.9588197348681927,0.0,0.0,0.0,0.0,3
22.058961179009845,59.012714701224354,25.814789319738075,0.958819734868193,0.28401534470392253,0.0,0.0,0.0,0.0,1
29.7637869767202,57.35003224629433,39.55175500312863,0.2840153447039226,-0.958819734868193,1.0,0.0,0.0,0.0,7
20.571768817828808,42.415484276880896,21.282662227540225,-0.9588197348681928,-0.2840153447039235,1.0,0.0,0.0,0.0,5
27.561102394458864,43.47203949093231,16.90124262496238,-0.28401534470392353,0.9588197348681927,0.0,0.0,0.0,0.0,1
24.25827516316059,52.43379049697762,32.758084619090646,0.958819734868193,0.28401534470392253,0.0,0.0,0.0,0.0,1
22.373487187422462,48.21361563658871,35.10690965249711,0.2840153447039226,-0.958819734868193,1.0,0.0,0.0,0.0,5
25.50106875037615,56.36504566813329,17.919556700143666,-0.9588197348681928,-0.2840153447039235,1.0,0.0,0.0,0.0,5
29.075290651807645,41.73383424290476,27.026500286402893,-0.28401534470392353,0.9588197348681927,0.0,0.0,0.0,0.0,3
25.172981031224136,52.501366957849385,18.78571861734477,0.958819734868193,0.28401534470392253,0.0,0.0,0.0,0.0,1
25.458122822384446,66.60904056350387,32.889672762202444,0.2840153447039226,-0.958819734868193,1.0,0.0,0.0,0.0,5
25.955705507592647,45.41057229892812,36.72952804393391,-0.9588197348681928,-0.2840153447039235,1.0,0.0,0.0,0.0,5
25.61220755714516,59.49324362908418,29.423984460523755,-0.28401534470392353,0.9588197348681927,0.0,0.0,0.0,0.0,1
26.528260647453905,45.48742417497966,28.619934135931576,0.958819734868193,0.28401534470392253,0.0,0.0,0.0,0.0,1
24.1543360917911,58.374921636003926,29.71809032425633,0.2840153447039226,-0.958819734868193,1.0,0.0,0.0,0.0,5
27.67735702696947,55.10385610271582,24.07989140485232,-0.9588197348681928,-0.2840153447039235,1.0,0.0,0.0,0.0,5
20.874468437537413,54.31532330636383,30.57499642301392,-0.28401534470392353,0.9588197348681927,0.0,0.0,0.0,0.0,1
26.79060841065357,40.35089448632837,18.509287795374615,0.958819734868193,0.28401534470392253,0.0,0.0,0.0,0.0,1
18.52830981969455,45.7833645289611,12.097826584391049,0.2840153447039226,-0.958819734868193,1.0,0.0,0.0,0.0,5
24.53009114293629,50.22756805468401,20.036068755642116,-0.9588197348681928,-0.2840153447039235,1.0,0.0,0.0,0.0,5
19.0323288415278,57.29240295034698,13.971862847835997,-0.28401534470392353,0.9588197348681927,0.0,0.0,0.0,0.0,1
22.29327102708481,44.705549002716246,39.47058459478206,0.958819734868193,0.28401534470392253,0.0,0.0,0.0,0.0,1
24.687057689042643,44.6529062132687,16.91368342949959,0.2840153447039226,-0.958819734868193,1.0,0.0,0.0,0.0,5
25.08020787838181,47.28563397965887,27.34127914405491,-0.9588197348681928,-0.2840153447039235,1.0,0.0,0.0,0.0,5
26.48460861015376,48.8504980906181,13.919194518922724,-0.28401534470392353,0.9588197348681927,0.0,0.0,0.0,0.0,1
23.6013374037168,55.97048183286175,17.113866720549964,0.958819734868193,0.28401534470392253,0.0,0.0,0.0,0.0,1
22.10201411293751,43.329134731075776,24.234111494409543,0.2840153447039226,-0.958819734868193,1.0,0.0,0.0,0.0,5
18.361014921400727,63.99039390668204,31.851841552832227,-0.9588197348681928,-0.2840153447039235,1.0,0.0,0.0,0.0,5
22.28003625490345,41.12993683744249,31.274925840415367,-0.28401534470392353,0.9588197348681927,0.0,0.0,0.0,0.0,1
20.537850584018077,57.73461697493589,13.629956671485214,0.958819734868193,0.28401534470392253,0.0,0.0,0.0,0.0,1
22.405778964389665,61.90939372886902,24.461747794360495,0.2840153447039226,-0.958819734868193,1.0,0.0,0.0,0.0,5
22.161449614072907,41.60620327362473,27.39112298541713,-0.9588197348681928,-0.2840153447039235,1.0,0.0,0.0,0.0,5
19.19196322553659,47.58439371217272,25.21171689983528,-0.28401534470392353,0.9588197348681927,0.0,0.0,0.0,0.0,1
25.38325185385868,67.56147988423399,22.834631420593773,0.958819734868193,0.28401534470392253,0.0,0.0,0.0,0.0,1
20.07323183379072,48.46340077893719,22.668586004479295,0.2840153447039226,-0.958819734868193,1.0,0.0,0.0,0.0,5
24.713886737327517,69.93902375178718,30.843202170887484,-0.9588197348681928,-0.2840153447039235,1.0,0.0,0.0,0.0,5
22.653938179876253,56.73596973486909,35.75826081558301,-0.28401534470392353,0.9588197348681927,0.0,0.0,0.0,0.0,1
20.64654295480672,43.397718239035314,18.1818664164283,0.958819734868193,0.28401534470392253,0.0,0.0,0.0,0.0,1
28.932604728487767,65.86634042970735,28.703802670618707,0.2840153447039226,-0.958819734868193,1.0,0.0,0.0,0.0,7
28.01792578018632,62.4061684059761,38.7998968597679,-0.9588197348681928,-0.2840153447039235,1.0,0.0,0.0,0.0,7
28.89769558867995,56.73760654735124,38.99850462798369,-0.28401534470392353,0.9588197348681927,0.0,0.0,0.0,0.0,3
18.939972441275827,65.76096722111521,13.007377652406998,0.958819734868193,0.28401534470392253,0.0,0.0,0.0,0.0,1
23.923191711543723,41.06408038279197,10.610967571921773,0.2840153447039226,-0.958819734868193,1.0,0.0,0.0,0.0,5
24.94609126212011,68.29911186476915,10.516018124987218,-0.9588197348681928,-0.2840153447039235,1.0,0.0,0.0,0.0,5
18.336387371300344,49.47760827362538,11.69201892818146,-0.28401534470392353,0.9588197348681927,0.0,0.0,0.0,0.0,1
23.46551827736808,63.68022339175201,24.58498085189657,0.958819734868193,0.28401534470392253,0.0,0.0,0.0,0.0,1
21.12146590891428,67.25650258462798,32.780020761818875,0.2840153447039226,-0.958819734868193,1.0,0.0,0.0,0.0,5
21.235456181801,68.62118508278007,15.567138794318344,-0.9588197348681928,-0.2840153447039235,1.0,0.0,0.0,0.0,5
27.785050741128394,59.52839265474742,24.178435834435504,-0.28401534470392353,0.9588197348681927,0.0,0.0,0.0,0.0,1
19.28653325217326,50.313518844408215,22.441379574476272,0.958819734868193,0.28401534470392253,0.0,0.0,0.0,0.0,1
23.265397066311483,51.94486198622448,38.16908591538655,0.2840153447039226,-0.958819734868193,1.0,0.0,0.0,0.0,5
27.80846627058452,56.7049006571588,13.997600102077072,-0.9588197348681928,-0.2840153447039235,1.0,0.0,0.0,0.0,5
25.35991002481897,64.01595257461153,31.655972752281293,-0.28401534470392353,0.9588197348681927,0.0,0.0,0.0,0.0,1
21.609705137789515,48.59110915249326,12.364095047997337,0.958819734868193,0.28401534470392253,0.0,0.0,0.0,0.0,1
20.834226776570237,45.15950988147392,37.26978084428493,0.2840153447039226,-0.958819734868193,1.0,0.0,0.0,0.0,5
28.80547738760397,41.96704433063319,10.207596182318618,-0.9588197348681928,-0.2840153447039235,1.0,0.0,0.0,0.0,7
21.830865680506854,51.237750061766526,37.135062248672895,-0.28401534470392353,0.9588197348681927,0.0,0.0,0.0,0.0,1
25.723678206094164,61.7312741337725,32.67454484411336,0.958819734868193,0.28401534470392253,0.0,0.0,0.0,0.0,1
23.16008467279977,49.14926975186529,39.04622778189485,0.2840153447039226,-0.958819734868193,1.0,0.0,0.0,0.0,5
29.04330565364113,43.88063076229355,30.173217702438137,-0.9588197348681928,-0.2840153447039235,1.0,0.0,0.0,0.0,7
22.91754659429093,63.29908789201309,13.047901393967638,-0.28401534470392353,0.9588197348681927,0.0,0.0,0.0,0.0,1
28.33816191832812,69.52453122444557,28.608357278789544,0.958819734868193,0.28401534470392253,0.0,0.0,0.0,0.0,3
18.66449745177413,61.06460029555484,29.94248723253344,0.2840153447039226,-0.958819734868193,1.0,0.0,0.0,0.0,5
25.02487254366777,50.68720834608232,37.44823043322047,-0.9588197348681928,-0.2840153447039235,1.0,0.0,0.0,0.0,5
21.295836436648084,43.344338324012966,19.59647920054252,-0.28401534470392353,0.9588197348681927,0.0,0.0,0.0,0.0,1
22.621750653909224,42.99731402456752,12.240508508017394,0.958819734868193,0.28401534470392253,0.0,0.0,0.0,0.0,1
28.750701551663266,69.08742218012642,23.219808032091805,0.2840153447039226,-0.958819734868193,1.0,0.0,0.0,0.0,7
27.2900453371056,41.72725759862981,11.25699661145921,-0.9588197348681928,-0.2840153447039235,1.0,0.0,0.0,0.0,5
28.390732475209752,55.82171305384669,31.174037823705746,-0.28401534470392353,0.9588197348681927,0.0,0.0,0.0,0.0,3
24.018379884266416,46.22354400795366,29.5999571866426,0.958819734868193,0.28401534470392253,0.0,0.0,0.0,0.0,1
26.811132449386072,60.37613643226124,25.459787141638945,0.2840153447039226,-0.958819734868193,1.0,0.0,0.0,0.0,5
26.602000912541488,46.12094697467481,39.30020293722944,-0.9588197348681928,-0.2840153447039235,1.0,0.0,0.0,0.0,5
18.27106210774043,43.575565086308224,38.69413001974336,-0.28401534470392353,0.9588197348681927,0.0,0.0,0.0,0.0,1
29.91357695550436,64.35989602187578,15.045190322659936,0.958819734868193,0.28401534470392253,0.0,0.0,0.0,0.0,3
21.203573907686238,41.70744850844307,31.70548400985473,0.2840153447039226,-0.958819734868193,1.0,0.0,0.0,0.0,5
18.003078923943733,51.46918066440019,19.31881187174612,-0.9588197348681928,-0.2840153447039235,1.0,0.0,0.0,0.0,5
28.97623757454856,68.85801301060543,28.75869761828532,-0.28401534470392353,0.9588197348681927,0.0,0.0,0.0,0.0,3
25.71301042375405,43.30211207528323,11.158963336401248,0.958819734868193,0.28401534470392253,0.0,0.0,0.0,0.0,1
20.152569088744023,63.04990075146965,15.030415607702375,0.2840153447039226,-0.958819734868193,1.0,0.0,0.0,0.0,5
25.58657617052463,63.47796252043519,37.16301369295282,-0.9588197348681928,-0.2840153447039235,1.0,0.0,0.0,0.0,5
21.140405452853724,51.375988116257005,18.979307445082604,-0.28401534470392353,0.9588197348681927,0.0,0.0,0.0,0.0,1
20.964418795278814,52.567815879442506,14.668871652553303,0.958819734868193,0.28401534470392253,0.0,0.0,0.0,0.0,1
21.26302167309039,57.64688401967458,37.25682812901967,0.2840153447039226,-0.958819734868193,1.0,0.0,0.0,0.0,5
18.573460437370706,55.75061450584889,16.34533138928877,-0.9588197348681928,-0.2840153447039235,1.0,0.0,0.0,0.0,5
20.71833110152596,57.6974126598007,11.437450639566848,-0.28401534470392353,0.9588197348681927,0.0,0.0,0.0,0.0,1
26.745352518412883,65.77097937399833,18.55172011192534,0.958819734868193,0.28401534470392253,0.0,0.0,0.0,0.0,1
21.7075883596608,45.27459351061825,24.761931977779643,0.2840153447039226,-0.958819734868193,1.0,0.0,0.0,0.0,5
23.87721570422153,62.14651253037886,36.61052864945216,-0.9588197348681928,-0.2840153447039235,1.0,0.0,0.0,0.0,5
18.27824730952084,46.248102361730375,13.518945964738869,-0.28401534470392353,0.9588197348681927,0.0,0.0,0.0,0.0,1
27.82711874021892,68.49217216135865,12.375922091045693,0.958819734868193,0.28401534470392253,0.0,0.0,0.0,0.0,1
25.069377588566923,53.5721865831543,28.965386278477222,0.2840153447039226,-0.958819734868193,1.0,0.0,0.0,0.0,5
18.163359066834488,52.45952414802421,31.4921740849426,-0.9588197348681928,-0.2840153447039235,1.0,0.0,0.0,0.0,5
23.217694730480787,61.32583926792343,26.889487597529204,-0.28401534470392353,0.9588197348681927,0.0,0.0,0.0,0.0,1
18.956088284433115,47.9915734415326,36.3073073681095,0.958819734868193,0.28401534470392253,0.0,0.0,0.0,0.0,1
25.318049836667534,65.80795107335675,11.507671689589346,0.2840153447039226,-0.958819734868193,1.0,0.0,0.0,0.0,5
20.61580950634521,69.47159781990109,26.48884304334915,-0.9588197348681928,-0.2840153447039235,1.0,0.0,0.0,0.0,5
28.783843603583605,41.12015761093219,34.15127876660133,-0.28401534470392353,0.9588197348681927,0.0,0.0,0.0,0.0,3
21.39940395956258,43.92333118259791,17.745351139913787,0.958819734868193,0.28401534470392253,0.0,0.0,0.0,0.0,1
23.64385938416532,61.969412499689966,11.618879036269536,0.2840153447039226,-0.958819734868193,1.0,0.0,0.0,0.0,5
22.69886288475136,44.42979944182774,38.50532146974152,-0.9588197348681928,-0.2840153447039235,1.0,0.0,0.0,0.0,5
20.547455746768605,40.32851682663381,16.54363963686004,-0.28401534470392353,0.9588197348681927,0.0,0.0,0.0,0.0,1
24.394908039223147,40.19416912836219,26.95925028717924,0.958819734868193,0.28401534470392253,0.0,0.0,0.0,0.0,1
19.15387281514637,44.45461146642053,29.271084199620084,0.2840153447039226,-0.958819734868193,1.0,0.0,0.0,0.0,5
29.83568047398659,49.21048743719804,32.69710834711728,-0.9588197348681928,-0.2840153447039235,1.0,0.0,0.0,0.0,7
22.293272079281277,59.317103381084,21.20181070093841,-0.28401534470392353,0.9588197348681927,0.0,0.0,0.0,0.0,1
25.74947611901612,46.01442251103033,29.896002932342885,0.958819734868193,0.28401534470392253,0.0,0.0,0.0,0.0,1
20.245751758429133,55.52898348981027,30.933140249512437,0.2840153447039226,-0.958819734868193,1.0,0.0,0.0,0.0,5
23.38554387914999,65.62631910342321,26.62076189777413,-0.9588197348681928,-0.2840153447039235,1.0,0.0,0.0,0.0,5
20.622292036055835,56.51902310787412,12.47470684733327,-0.28401534470392353,0.9588197348681927,0.0,0.0,0.0,0.0,1
19.17326274760709,41.665161081678,35.27625313053872,0.958819734868193,0.28401534470392253,0.0,0.0,0.0,0.0,1
25.473830480385352,64.16451492523427,26.7248760549125,0.2840153447039226,-0.958819734868193,1.0,0.0,0.0,0.0,5
20.01561911205629,66.55175262881343,13.338832536635266,-0.9588197348681928,-0.2840153447039235,1.0,0.0,0.0,0.0,5
18.00199266625065,63.98272046133734,22.69468160861426,-0.28401534470392353,0.9588197348681927,0.0,0.0,0.0,0.0,1
22.62170809917737,69.07421849417264,33.120862512867255,0.958819734868193,0.28401534470392253,0.0,0.0,0.0,0.0,1
19.69769761591595,53.2702825064823,10.076349776888703,0.2840153447039226,-0.958819734868193,1.0,0.0,0.0,0.0,5
20.618892571304062,69.92721858436087,35.06844179062922,-0.9588197348681928,-0.2840153447039235,1.0,0.0,0.0,0.0,5
26.87321750107392,55.32632307829613,24.12339117454009,-0.28401534470392353,0.9588197348681927,0.0,0.0,0.0,0.0,1
20.9156250173826,42.20773398107373,37.11222075608104,0.958819734868193,0.28401534470392253,0.0,0.0,0.0,0.0,1
27.42749520003681,55.24960782027532,23.4970697131758,0.2840153447039226,-0.958819734868193,1.0,0.0,0.0,0.0,5
29.131070334191765,46.08132871933799,39.789646022663945,-0.9588197348681928,-0.2840153447039235,1.0,0.0,0.0,0.0,7
22.143816350441917,60.50572076273578,25.42748638646355,-0.28401534470392353,0.9588197348681927,0.0,0.0,0.0,0.0,1
28.429882438448736,49.58122310860265,27.233769659681816,0.958819734868193,0.28401534470392253,0.0,0.0,0.0,0.0,3
24.037556448700222,55.81670045904785,38.802230483459255,0.2840153447039226,-0.958819734868193,1.0,0.0,0.0,0.0,5
29.333245210172187,54.63134643872641,13.1511493590004,-0.9588197348681928,-0.2840153447039235,1.0,0.0,0.0,0.0,7
23.54784200832347,68.22209329403519,31.787648834036784,-0.28401534470392353,0.9588197348681927,0.0,0.0,0.0,0.0,1
26.57312968098032,57.01691607878928,15.232837550486176,0.958819734868193,0.28401534470392253,0.0,0.0,0.0,0.0,1
25.287565163737035,54.61830394810254,34.98752341456995,0.2840153447039226,-0.958819734868193,1.0,0.0,0.0,0.0,5
29.1495672720567,64.118352553433,36.33862026739338,-0.9588197348681928,-0.2840153447039235,1.0,0.0,0.0,0.0,7
28.30827342378001,40.0383399424073,26.25460010781124,-0.28401534470392353,0.9588197348681927,0.0,0.0,0.0,0.0,3
20.49838130219445,43.55010205811032,16.527486099555226,0.958819734868193,0.28401534470392253,0.0,0.0,0.0,0.0,1
29.59558859570027,61.46369612204033,15.919326367210047,0.2840153447039226,-0.958819734868193,1.0,0.0,0.0,0.0,7
20.196536477631508,42.76666382100924,24.41007734251656,-0.9588197348681928,-0.2840153447039235,1.0,0.0,0.0,0.0,5
25.491082827542648,46.7244757464452,18.17417406265396,-0.28401534470392353,0.9588197348681927,0.0,0.0,0.0,0.0,1
23.59062103746534,59.411730762785496,32.627833165206724,0.958819734868193,0.28401534470392253,0.0,0.0,0.0,0.0,1
24.846000729502336,55.81194565209809,16.237111322622873,0.2840153447039226,-0.958819734868193,1.0,0.0,0.0,0.0,5
28.00562864028776,43.174301199261535,19.05848769355844,-0.9588197348681928,-0.2840153447039235,1.0,0.0,0.0,0.0,7
21.77660049520583,47.12544219742536,29.602187920924035,-0.28401534470392353,0.9588197348681927,0.0,0.0,0.0,0.0,1
20.32400502422862,66.33228291005477,35.98972533257978,0.958819734868193,0.28401534470392253,0.0,0.0,0.0,0.0,1
22.564742627980657,54.83931877339631,11.024316079709616,0.2840153447039226,-0.958819734868193,1.0,0.0,0.0,0.0,5
28.42133776758337,66.93032643070401,17.745084765646677,-0.9588197348681928,-0.2840153447039235,1.0,0.0,0.0,0.0,7
18.26750048941881,51.4684371516194,31.467382741601984,-0.28401534470392353,0.9588197348681927,0.0,0.0,0.0,0.0,1
21.82250626886673,60.60117660166044,16.20805241966896,0.958819734868193,0.28401534470392253,0.0,0.0,0.0,0.0,1
27.030636339374105,49.4571416066929,21.06775772226425,0.2840153447039226,-0.958819734868193,1.0,0.0,0.0,0.0,5
19.119181417581085,44.76302113023564,23.17372129435313,-0.9588197348681928,-0.2840153447039235,1.0,0.0,0.0,0.0,5
21.52067922693409,59.70117014238695,18.99974304298692,-0.28401534470392353,0.9588197348681927,0.0,0.0,0.0,0.0,1
25.183907769933885,55.02664356007303,12.231927331455497,0.958819734868193,0.28401534470392253,0.0,0.0,0.0,0.0,1
18.7219962283949,51.56600286431564,28.217379212652,0.2840153447039226,-0.958819734868193,1.0,0.0,0.0,0.0,5
29.573300714376916,62.43184852450351,37.54884285459292,-0.9588197348681928,-0.2840153447039235,1.0,0.0,0.0,0.0,7
27.64529130618841,62.20169248738754,29.452103102155345,-0.28401534470392353,0.9588197348681927,0.0,0.0,0.0,0.0,1
18.049266723195217,68.0500646725837,25.78285525426357,0.958819734868193,0.28401534470392253,0.0,0.0,0.0,0.0,1
28.896186432145903,47.309479273227225,24.53460709309818,0.2840153447039226,-0.958819734868193,1.0,0.0,0.0,0.0,7
27.784154124024333,41.2278079697235,17.517769856881,-0.9588197348681928,-0.2840153447039235,1.0,0.0,0.0,0.0,5
18.20528950161352,65.94003929975386,16.95669507342897,-0.28401534470392353,0.9588197348681927,0.0,0.0,0.0,0.0,1
26.53639265291797,55.64270756181804,13.044875126896551,0.958819734868193,0.28401534470392253,0.0,0.0,0.0,0.0,1
19.730110781569923,43.70679458315832,39.24797827449855,0.2840153447039226,-0.958819734868193,1.0,0.0,0.0,0.0,5
28.5677642554846,49.03117444591511,10.467592803476748,-0.9588197348681928,-0.2840153447039235,1.0,0.0,0.0,0.0,7
29.60444119450878,45.00632287888252,35.14975756147089,-0.28401534470392353,0.9588197348681927,0.0,0.0,0.0,0.0,3
28.144222078926298,51.72378010862825,31.637889054449467,0.958819734868193,0.28401534470392253,0.0,0.0,0.0,0.0,3
23.65106115109363,54.12003843036525,27.181159840661163,0.2840153447039226,-0.958819734868193,1.0,0.0,0.0,0.0,5
26.04280788466547,52.106301095333706,38.00447739087733,-0.9588197348681928,-0.2840153447039235,1.0,0.0,0.0,0.0,5
23.44628941628705,58.1763577729828,30.92050698139349,-0.28401534470392353,0.9588197348681927,0.0,0.0,0.0,0.0,1
28.9646980434914,45.4993568151121,30.286389522698563,0.958819734868193,0.28401534470392253,0.0,0.0,0.0,0.0,3
28.61694851925821,63.39853871710281,25.086288742647103,0.2840153447039226,-0.958819734868193,1.0,0.0,0.0,0.0,7
20.13135182551248,50.283229480113306,32.27230798603143,-0.9588197348681928,-0.2840153447039235,1.0,0.0,0.0,0.0,5
20.100074489196988,48.57549853639797,10.33785327777609,-0.28401534470392353,0.9588197348681927,0.0,0.0,0.0,0.0,1
29.51149664075496,45.49921803211253,22.37537467575541,0.958819734868193,0.28401534470392253,0.0,0.0,0.0,0.0,3
26.831784925156175,54.42607756806753,11.117884821416176,0.2840153447039226,-0.958819734868193,1.0,0.0,0.0,0.0,5
25.7103802638444,50.10602031301673,17.9252020016426,-0.9588197348681928,-0.2840153447039235,1.0,0.0,0.0,0.0,5
21.252512361335626,57.12985966661548,24.92395268254389,-0.28401534470392353,0.9588197348681927,0.0,0.0,0.0,0.0,1
19.491013235164957,50.61453542543598,36.09211611166248,0.958819734868193,0.28401534470392253,0.0,0.0,0.0,0.0,1
29.46939520948484,56.29316835788418,30.28161698256488,0.2840153447039226,-0.958819734868193,1.0,0.0,0.0,0.0,7
27.38412517332466,69.73626459257609,25.00538663474892,-0.9588197348681928,-0.2840153447039235,1.0,0.0,0.0,0.0,5
26.668854344933536,67.28486530447812,22.460057266149164,-0.28401534470392353,0.9588197348681927,0.0,0.0,0.0,0.0,1
23.86926523345195,53.842900541519,28.970633563094648,0.958819734868193,0.28401534470392253,0.0,0.0,0.0,0.0,1
20.312918981276034,40.63009380466809,34.91077739725114,0.2840153447039226,-0.958819734868193,1.0,0.0,0.0,0.0,5
28.18734590421225,44.92267197124168,10.747161657493471,-0.9588197348681928,-0.2840153447039235,1.0,0.0,0.0,0.0,7
19.90507594918777,61.17209208742831,14.551419654549912,-0.28401534470392353,0.9588197348681927,0.0,0.0,0.0,0.0,1
23.99300039990832,61.8663501991505,32.48896561167764,0.958819734868193,0.28401534470392253,0.0,0.0,0.0,0.0,1
18.735050431161905,66.03441122020614,11.385427103347412,0.2840153447039226,-0.958819734868193,1.0,0.0,0.0,0.0,5
24.093117510750737,55.37905634986226,30.32899378508077,-0.9588197348681928,-0.2840153447039235,1.0,0.0,0.0,0.0,5
20.89141303031344,48.12128218920909,34.186188688525974,-0.28401534470392353,0.9588197348681927,0.0,0.0,0.0,0.0,1
21.172477705394844,68.10246443248828,15.252357395971902,0.958819734868193,0.28401534470392253,0.0,0.0,0.0,0.0,1
20.84172305533407,65.00192042939781,30.924767697834284,0.2840153447039226,-0.958819734868193,1.0,0.0,0.0,0.0,5
28.81887160094392,61.28621982790772,31.71478978792257,-0.9588197348681928,-0.2840153447039235,1.0,0.0,0.0,0.0,7
25.6919512832586,63.43507246513816,22.62207225858556,-0.28401534470392353,0.9588197348681927,0.0,0.0,0.0,0.0,1
28.093896794447065,66.74359188201335,12.14018554533606,0.958819734868193,0.28401534470392253,0.0,0.0,0.0,0.0,3
22.062812964188332,58.78053337873834,25.12277216199565,0.2840153447039226,-0.958819734868193,1.0,0.0,0.0,0.0,5
25.43245717417289,43.34665199207512,20.160818479707043,-0.9588197348681928,-0.2840153447039235,1.0,0.0,0.0,0.0,5
24.526375162338148,46.45958567891383,14.861360423049376,-0.28401534470392353,0.9588197348681927,0.0,0.0,0.0,0.0,1
29.12193976836185,52.06111433317128,27.31028716739505,0.958819734868193,0.28401534470392253,0.0,0.0,0.0,0.0,3
22.287915645959337,47.09892509231649,29.98421592816832,0.2840153447039226,-0.958819734868193,1.0,0.0,0.0,0.0,5
24.847115444737437,69.79604357190846,17.355830983577,-0.9588197348681928,-0.2840153447039235,1.0,0.0,0.0,0.0,5
21.77644087155981,46.54276708508186,22.65262372903275,-0.28401534470392353,0.9588197348681927,0.0,0.0,0.0,0.0,1
28.075906264525475,54.92797374887378,29.39018076486091,0.958819734868193,0.28401534470392253,0.0,0.0,0.0,0.0,3
22.245619783745127,67.08247504575604,24.636317846482797,0.2840153447039226,-0.958819734868193,1.0,0.0,0.0,0.0,5
22.898267959819258,50.95096119105588,32.17520110547444,-0.9588197348681928,-0.2840153447039235,1.0,0.0,0.0,0.0,5
23.58622769663596,47.15319464057121,13.579357307685502,-0.28401534470392353,0.9588197348681927,0.0,0.0,0.0,0.0,1
19.329672081172745,50.7982728885292,11.829852376794896,0.958819734868193,0.28401534470392253,0.0,0.0,0.0,0.0,1
18.004147033045527,53.55763534392037,17.440732212086267,0.2840153447039226,-0.958819734868193,1.0,0.0,0.0,0.0,5
18.200821621292235,57.88779038458681,38.6526778790589,-0.9588197348681928,-0.2840153447039235,1.0,0.0,0.0,0.0,5
27.2848718732648,41.43139104468275,15.198192514295792,-0.28401534470392353,0.9588197348681927,0.0,0.0,0.0,0.0,1
28.42078804200208,59.02349289054921,15.668308246625047,0.958819734868193,0.28401534470392253,0.0,0.0,0.0,0.0,3
19.73409439532836,67.36193998023066,13.530806868686463,0.2840153447039226,-0.958819734868193,1.0,0.0,0.0,0.0,5
26.36542921020577,45.37105637091295,15.366847923821927,-0.9588197348681928,-0.2840153447039235,1.0,0.0,0.0,0.0,5
23.38095316364581,68.45755015262148,12.240598206353516,-0.28401534470392353,0.9588197348681927,0.0,0.0,0.0,0.0,1
21.029931072276504,55.99468850106973,38.03192555948878,0.958819734868193,0.28401534470392253,0.0,0.0,0.0,0.0,1
29.60668838126657,63.83220953279585,22.01587865514154,0.2840153447039226,-0.958819734868193,1.0,0.0,0.0,0.0,7
23.863595270346096,40.50481127660814,20.11899898703052,-0.9588197348681928,-0.2840153447039235,1.0,0.0,0.0,0.0,5
26.437463004603146,62.78879212145965,15.75964039376285,-0.28401534470392353,0.9588197348681927,0.0,0.0,0.0,0.0,1
26.0853971013951,41.36055112054116,33.68019832046862,0.958819734868193,0.28401534470392253,0.0,0.0,0.0,0.0,1
25.24483465156822,52.152772152496304,15.492398438360912,0.2840153447039226,-0.958819734868193,1.0,0.0,0.0,0.0,5
22.70739250863827,40.64725316359434,12.952484833692354,-0.9588197348681928,-0.2840153447039235,1.0,0.0,0.0,0.0,5
22.22001210159411,56.04461087190175,33.54589691064981,-0.28401534470392353,0.9588197348681927,0.0,0.0,0.0,0.0,1
29.659179089168447,44.82666822535067,13.051961933229304,0.958819734868193,0.28401534470392253,0.0,0.0,0.0,0.0,3
18.844583051464223,54.25560077748552,23.10798069921509,0.2840153447039226,-0.958819734868193,1.0,0.0,0.0,0.0,5
18.667406292663475,64.85881871400635,12.178078920873286,-0.9588197348681928,-0.2840153447039235,1.0,0.0,0.0,0.0,5
27.876774563958637,53.67577680641031,27.97860518492831,-0.28401534470392353,0.9588197348681927,0.0,0.0,0.0,0.0,1
25.820316960449112,69.9688707148899,27.173954893536145,0.958819734868193,0.28401534470392253,0.0,0.0,0.0,0.0,1
18.16656691889376,60.97186214757248,30.207982502181807,0.2840153447039226,-0.958819734868193,1.0,0.0,0.0,0.0,5
28.06669622302313,56.28460653088276,36.829515877016135,-0.9588197348681928,-0.2840153447039235,1.0,0.0,0.0,0.0,7
18.126667903105684,42.3642244002379,31.40597509074861,-0.28401534470392353,0.9588197348681927,0.0,0.0,0.0,0.0,1
19.66627693915206,60.04484584274059,20.412646066715347,0.958819734868193,0.28401534470392253,0.0,0.0,0.0,0.0,1
27.21133756125884,59.76308409207946,24.285811972063104,0.2840153447039226,-0.958819734868193,1.0,0.0,0.0,0.0,5
24.17777140299049,40.77412135465129,24.73803548379169,-0.9588197348681928,-0.2840153447039235,1.0,0.0,0.0,0.0,5
21.70824115145085,69.04051905266886,29.23441607174937,-0.28401534470392353,0.9588197348681927,0.0,0.0,0.0,0.0,1
28.54490673639153,59.73210503212489,36.54169137347316,0.958819734868193,0.28401534470392253,0.0,0.0,0.0,0.0,3
21.627684462789784,42.2122545485674,34.738150181781954,0.2840153447039226,-0.958819734868193,1.0,0.0,0.0,0.0,5
21.0965784903135,56.91310761161749,26.715519559121145,-0.9588197348681928,-0.2840153447039235,1.0,0.0,0.0,0.0,5
24.29349009303329,59.21253665282017,33.18818408991564,-0.28401534470392353,0.9588197348681927,0.0,0.0,0.0,0.0,1
26.410539314449014,62.44910706356279,23.327271593247392,0.958819734868193,0.28401534470392253,0.0,0.0,0.0,0.0,1
19.420369455841385,52.1859866295033,37.74428452382817,0.2840153447039226,-0.958819734868193,1.0,0.0,0.0,0.0,5
24.605687739784344,69.96201526230058,21.055385236172896,-0.9588197348681928,-0.2840153447039235,1.0,0.0,0.0,0.0,5
26.431987676056885,50.31566376353025,10.910061951179852,-0.28401534470392353,0.9588197348681927,0.0,0.0,0.0,0.0,1
20.907733459783543,69.65965138291486,16.58060180070305,0.958819734868193,0.28401534470392253,0.0,0.0,0.0,0.0,1
27.078000602665952,62.49826140761156,23.291713803836565,0.2840153447039226,-0.958819734868193,1.0,0.0,0.0,0.0,5
26.606464298864147,67.79693436359236,33.97107359728762,-0.9588197348681928,-0.2840153447039235,1.0,0.0,0.0,0.0,5
23.31285964369264,57.787635027334375,39.71959742322983,-0.28401534470392353,0.9588197348681927,0.0,0.0,0.0,0.0,1
28.35525213690068,58.78689044880876,24.272273124992477,0.958819734868193,0.28401534470392253,0.0,0.0,0.0,0.0,3
24.62537504658657,63.96896045902315,12.471691123431569,0.2840153447039226,-0.958819734868193,1.0,0.0,0.0,0.0,5
20.475332162499654,67.75573737442038,35.27567888532728,-0.9588197348681928,-0.2840153447039235,1.0,0.0,0.0,0.0,5
28.186552958016705,60.528443712023645,17.009314262003898,-0.28401534470392353,0.9588197348681927,0.0,0.0,0.0,0.0,3
27.31980592307821,64.64765920828539,16.431588435744025,0.958819734868193,0.28401534470392253,0.0,0.0,0.0,0.0,1
20.10013078004095,45.9205580970982,19.650007636699517,0.2840153447039226,-0.958819734868193,1.0,0.0,0.0,0.0,5
19.231798707576814,63.72483184027398,35.56537475889887,-0.9588197348681928,-0.2840153447039235,1.0,0.0,0.0,0.0,5
27.10960921579552,56.56279983362988,15.34920921607265,-0.28401534470392353,0.9588197348681927,0.0,0.0,0.0,0.0,1
25.629721581364286,46.70732837616409,17.043899530879084,0.958819734868193,0.28401534470392253,0.0,0.0,0.0,0.0,1
21.94457998311995,64.53120089108086,10.785187182509032,0.2840153447039226,-0.958819734868193,1.0,0.0,0.0,0.0,5
23.079633572589117,68.25148331892592,30.641491862146896,-0.9588197348681928,-0.2840153447039235,1.0,0.0,0.0,0.0,5
28.44803607695902,68.39384081099422,14.107095864270107,-0.28401534470392353,0.9588197348681927,0.0,0.0,0.0,0.0,3
27.530098119205896,43.87855588401206,16.80822927957348,0.958819734868193,0.28401534470392253,0.0,0.0,0.0,0.0,1
19.314635860758703,58.65234804814731,22.34364765996505,0.2840153447039226,-0.958819734868193,1.0,0.0,0.0,0.0,5
27.85255229564357,59.69068352375566,36.66483993748707,-0.9588197348681928,-0.2840153447039235,1.0,0.0,0.0,0.0,5
23.878886247154377,64.59637259720061,28.30275957087178,-0.28401534470392353,0.9588197348681927,0.0,0.0,0.0,0.0,1
18.675865087392136,65.9375550808326,36.484857813032605,0.958819734868193,0.28401534470392253,0.0,0.0,0.0,0.0,1
27.42079929866093,40.48792219306608,13.710066690658044,0.2840153447039226,-0.958819734868193,1.0,0.0,0.0,0.0,5
18.71906963755632,66.91518420753317,20.20140852249928,-0.9588197348681928,-0.2840153447039235,1.0,0.0,0.0,0.0,5
22.243507449766756,41.05566174434022,16.852672099795942,-0.28401534470392353,0.9588197348681927,0.0,0.0,0.0,0.0,1
24.19356342826603,65.50682411905366,25.37934879488398,0.958819734868193,0.28401534470392253,0.0,0.0,0.0,0.0,1
29.5186454070315,61.32077825331105,14.442780711682769,0.2840153447039226,-0.958819734868193,1.0,0.0,0.0,0.0,7
21.829697153691004,54.02491729810293,20.82581118012873,-0.9588197348681928,-0.2840153447039235,1.0,0.0,0.0,0.0,5
20.72264439675869,51.62803633841621,34.933065564445315,-0.28401534470392353,0.9588197348681927,0.0,0.0,0.0,0.0,1
29.62156934396291,43.781079128441306,15.908339052879068,0.958819734868193,0.28401534470392253,0.0,0.0,0.0,0.0,3
23.78824132771092,57.9246542597546,38.28528036553719,0.2840153447039226,-0.958819734868193,1.0,0.0,0.0,0.0,5
24.19322948927565,66.99966195796344,34.37126113432666,-0.9588197348681928,-0.2840153447039235,1.0,0.0,0.0,0.0,5
29.6435516595688,57.37972091808608,11.44312754835996,-0.28401534470392353,0.9588197348681927,0.0,0.0,0.0,0.0,3
27.039810013815018,67.17829400239987,16.188445309451147,0.958819734868193,0.28401534470392253,0.0,0.0,0.0,0.0,1
22.32983498943107,51.17023407041274,22.532878048695554,0.2840153447039226,-0.958819734868193,1.0,0.0,0.0,0.0,5
28.04684000092834,62.27244414722581,27.888866800468875,-0.9588197348681928,-0.2840153447039235,1.0,0.0,0.0,0.0,7
26.19792877944142,42.91622021192069,18.83941501870196,-0.28401534470392353,0.9588197348681927,0.0,0.0,0.0,0.0,1
29.313249710651245,41.006959154830646,37.8192971262369,0.958819734868193,0.28401534470392253,0.0,0.0,0.0,0.0,3
27.99517185657433,61.33707994545341,19.237117924228905,0.2840153447039226,-0.958819734868193,1.0,0.0,0.0,0.0,5
22.74212887246697,48.370598588869626,30.877073196300827,-0.9588197348681928,-0.2840153447039235,1.0,0.0,0.0,0.0,5
24.122767075558937,49.32913246923481,39.106467747258336,-0.28401534470392353,0.9588197348681927,0.0,0.0,0.0,0.0,1
27.1586770932689,60.51701594364617,27.47477543564725,0.958819734868193,0.28401534470392253,0.0,0.0,0.0,0.0,1
21.99699745936782,43.89654653488339,23.6413991918057,0.2840153447039226,-0.958819734868193,1.0,0.0,0.0,0.0,5
19.402327904599915,48.40702116849582,16.96615860014399,-0.9588197348681928,-0.2840153447039235,1.0,0.0,0.0,0.0,5
23.26134628619496,64.81210857921985,20.028679215994263,-0.28401534470392353,0.9588197348681927,0.0,0.0,0.0,0.0,1
21.36601218717744,48.57999128747039,11.36599714425613,0.958819734868193,0.28401534470392253,0.0,0.0,0.0,0.0,1
24.492663347208083,62.59368271489412,10.084865390236246,0.2840153447039226,-0.958819734868193,1.0,0.0,0.0,0.0,5
21.49535875686845,63.52809034045575,31.992966997222865,-0.9588197348681928,-0.2840153447039235,1.0,0.0,0.0,0.0,5
23.72091968812949,56.48246975788138,30.546579283711026,-0.28401534470392353,0.9588197348681927,0.0,0.0,0.0,0.0,1
29.612603550441957,45.46449775460733,16.048611228586967,0.958819734868193,0.28401534470392253,0.0,0.0,0.0,0.0,3
25.028476612810632,46.83699264832613,38.346082059855405,0.2840153447039226,-0.958819734868193,1.0,0.0,0.0,0.0,5
28.212443162700204,54.606883887961175,29.720824889390578,-0.9588197348681928,-0.2840153447039235,1.0,0.0,0.0,0.0,7
25.319186941421226,51.991017677033,18.33295852876271,-0.28401534470392353,0.9588197348681927,0.0,0.0,0.0,0.0,1
22.160177734581985,46.998234516714206,11.552982459382347,0.958819734868193,0.28401534470392253,0.0,0.0,0.0,0.0,1
19.31212393094709,68.7097511290824,20.66128752540429,0.2840153447039226,-0.958819734868193,1.0,0.0,0.0,0.0,5
22.22637901409709,46.3311181309516,13.592341182563462,-0.9588197348681928,-0.2840153447039235,1.0,0.0,0.0,0.0,5
26.82827928918696,59.96600679017223,26.236213462994957,-0.28401534470392353,0.9588197348681927,0.0,0.0,0.0,0.0,1
27.302375474646222,68.22405254342982,31.76196582356561,0.958819734868193,0.28401534470392253,0.0,0.0,0.0,0.0,1
24.644362422268607,62.74650895494065,30.981807384148027,0.2840153447039226,-0.958819734868193,1.0,0.0,0.0,0.0,5
28.534123853503417,40.45068901353663,39.2322331979163,-0.9588197348681928,-0.2840153447039235,1.0,0.0,0.0,0.0,7
21.5353165697774,46.3559246819309,33.57612060926096,-0.28401534470392353,0.9588197348681927,0.0,0.0,0.0,0.0,1
22.556437207360847,61.881705055592505,33.17869149480116,0.958819734868193,0.28401534470392253,0.0,0.0,0.0,0.0,1
22.85459336784156,56.86992811370178,11.80262028105143,0.2840153447039226,-0.958819734868193,1.0,0.0,0.0,0.0,5
21.86218601436792,47.47278274342073,14.538953615308705,-0.9588197348681928,-0.2840153447039235,1.0,0.0,0.0,0.0,5
21.22452332312409,47.41202438954303,21.101544267821023,-0.28401534470392353,0.9588197348681927,0.0,0.0,0.0,0.0,1
25.53536311392017,53.09694007511416,28.329224809788904,0.958819734868193,0.28401534470392253,0.0,0.0,0.0,0.0,1
29.379421921175684,41.45004862927521,29.525783753458803,0.2840153447039226,-0.958819734868193,1.0,0.0,0.0,0.0,7
21.89144753679598,46.781880611241945,11.790435650276551,-0.9588197348681928,-0.2840153447039235,1.0,0.0,0.0,0.0,5
27.780700866822382,41.61572851441996,31.28526897443587,-0.28401534470392353,0.9588197348681927,0.0,0.0,0.0,0.0,1
27.605285037234715,54.66819555902428,29.665780088075053,0.958819734868193,0.28401534470392253,0.0,0.0,0.0,0.0,1
22.108111922382506,61.24314265123507,15.490782167672595,0.2840153447039226,-0.958819734868193,1.0,0.0,0.0,0.0,5
21.680239711730323,40.6936706503858,23.49572280400097,-0.9588197348681928,-0.2840153447039235,1.0,0.0,0.0,0.0,5
23.01948793340109,41.38710660750934,30.97167528596308,-0.28401534470392353,0.9588197348681927,0.0,0.0,0.0,0.0,1
25.72460506249186,47.50539411147339,24.406356509242958,0.958819734868193,0.28401534470392253,0.0,0.0,0.0,0.0,1
